,count/acc,count/acc,count/acc,count/acc,count/acc,count/f1w,count/f1w,count/f1w,count/f1w,count/f1w,binary/acc,binary/acc,binary/acc,binary/acc,binary/acc,binary/f1w,binary/f1w,binary/f1w,binary/f1w,binary/f1w
,seed 2023,seed 0,seed 1,seed 2,seed 3,seed 2023,seed 0,seed 1,seed 2,seed 3,seed 2023,seed 0,seed 1,seed 2,seed 3,seed 2023,seed 0,seed 1,seed 2,seed 3
"{ac370000, ac379999}",0.007654867256637166,0.000486725663716816,-0.0010176991150442649,0.006460176991150436,0.002079646017699109,0.006144079873298494,0.009970374557841468,0.009356946393899439,0.007480370180102656,0.004683183351029099,-0.00039823008849557584,-0.0017699115044247816,-0.0019026548672566401,0.009247787610619465,-0.0014601769911504448,-0.0029430156270418796,-0.000915369429624272,-0.0010285792115515302,-0.00583430977633568,-0.0004983001453377944
"{ac370000, ac419100}",0.004070796460176993,0.00964601769911504,0.007168141592920346,0.007699115044247783,0.011902654867256618,0.003324950837532199,0.0146366069084615,0.011304823922682436,0.007845641199959674,0.009949938444857042,-0.0009292035398230103,-0.0021681415929203575,0.0,-0.0017699115044247816,-0.0014159292035398252,-0.0012224717763969616,-0.002223895450162876,-0.0004658075332741174,-0.0017589180992313269,-0.0013661332286214222
"{ac370000, ac379999, ac419100}",-0.002699115044247784,0.0030530973451327447,0.002389380530973444,-0.004557522123893792,0.0047787610619468845,0.009498530529014232,0.007779878719242292,0.009140613348214447,0.0022489455074851715,0.008272361758570759,-0.0006637168141592931,-0.0006194690265486735,8.849557522123908e-05,0.0,-0.0005309734513274344,-0.0015808953102513224,0.0005294635535013337,0.0005133898206792953,0.0,-0.00026238852173058545
"{ac379999, ac419100}",0.0,0.0,0.0,0.0,0.0,0.0,0.0,0.0,0.0,0.0,0.0,0.0,0.0,0.0,0.0,0.0,0.0,0.0,0.0,0.0
"{370407, ac370000}",0.020088495575221233,0.021592920353982303,0.03137168141592917,0.05495575221238938,0.021371681415929173,0.01346601556185472,0.007757390366297157,0.010611447341360774,0.032400667581805064,0.0009176434944483635,0.01057522123893805,0.025796460176991144,0.026814159292035393,0.0579646017699115,0.022256637168141576,-0.006833769969632332,-0.005693445755666783,-0.006686639285832677,0.007127738043747539,-0.013129622815257322
"{370407, ac370000, ac379999}",0.011681415929203534,0.012787610619469026,0.01123893805309732,0.01407079646017698,0.016991150442477856,-0.003840462843346929,0.006073320729065754,-0.003044297408129775,-0.00028235046440047706,0.0019888780644196193,0.0009734513274336299,0.0002654867256637172,0.01163716814159292,-0.0011946902654867274,0.015840707964601766,0.0005184755457173818,0.0001330802300723344,-0.00833502760998081,-0.0008095387980287405,-0.0031783782231090607
"{370407, ac379999}",0.0,0.0,0.0,0.0,0.0,0.0,0.0,0.0,0.0,0.0,0.0,0.0,0.0,0.0,0.0,0.0,0.0,0.0,0.0,0.0
"{ac370000, ac370419}",0.003849557522123901,0.007168141592920366,0.008584070796460164,0.009115044247787606,0.0022566371681415763,0.01817007166139965,0.01946068932139003,0.016636016800870027,0.017430820511728805,0.006645556914839538,0.01561946902654867,0.0,-0.0004424778761061954,-0.0019026548672566401,0.001725663716814153,-0.007007448499471244,-0.0024781778456642524,-0.0005447020786849633,-0.0013740008120502667,-0.0033004128660790956
"{ac370000, ac370443}",0.001637168141592922,-0.00017699115044247704,-0.0003982300884955892,0.001017699115044245,0.006283185840707953,0.004210799085359659,0.00972215164238188,0.008221730095116744,0.004650738190012723,0.012477627093045639,0.01035398230088495,0.0006194690265486735,0.0015929203539823034,0.0026548672566371724,0.004955752212389367,0.001269432520572381,-0.0014690418849606724,-0.0011069347909146332,0.0016009794139819156,5.396942376109215e-05
"{ac370419, ac379999}",0.005796460176991156,0.003495575221238937,-0.005575221238938078,0.0028761061946902746,0.0009292035398230014,0.006394017529573016,0.007475477985762058,-0.010528799266969596,0.003442085717270562,0.0007661996285451867,-0.0001327433628318586,0.0030088495575221284,0.0002212389380530977,0.0024336283185840747,0.00048672566371681493,0.0007299189762986902,-0.0010242232646429728,-0.0017732203938766134,0.0012815042301300716,-0.000400434608719773
