dataset,strategy,size,itemset,repeat,seconds_original
f3,apriori,1,ac419100,0,5.470008700154722
f3,apriori,1,ac419100,1,5.07160949986428
f3,apriori,1,ac370000,0,5.210698600159958
f3,apriori,1,ac370000,1,5.098242899868637
f3,apriori,1,370407,0,5.425017199944705
f3,apriori,1,370407,1,5.085379600059241
f3,apriori,1,ac370419,0,5.026626700069755
f3,apriori,1,ac370419,1,4.907846299931407
f3,apriori,1,ac370443,0,5.008673000149429
f3,apriori,1,ac370443,1,4.991720599820837
f3,apriori,2,"370407, ac370000",0,5.484055300010368
f3,apriori,2,"370407, ac370000",1,5.067130899988115
f3,apriori,2,"ac370000, ac370419",0,4.955043900059536
f3,apriori,2,"ac370000, ac370419",1,5.118081500055268
f3,apriori,2,"370407, ac370419",0,5.036009500036016
f3,apriori,2,"370407, ac370419",1,5.537342599825934
f3,apriori,2,"ac370000, ac370443",0,5.443875800119713
f3,apriori,2,"ac370000, ac370443",1,5.515571499941871
f3,apriori,2,"ac370419, ac370443",0,5.601306300144643
f3,apriori,2,"ac370419, ac370443",1,5.357272899942473
f3,apriori,3,"370407, ac370000, ac370419",0,6.1594732000958174
f3,apriori,3,"370407, ac370000, ac370419",1,5.927625299897045
f3,apriori,3,"ac370000, ac370419, ac370443",0,5.7076433000620455
f3,apriori,3,"ac370000, ac370419, ac370443",1,5.798780099954456
f3,apriori,3,"ac370000, ac370442, ac370443",0,5.737395700067282
f3,apriori,3,"ac370000, ac370442, ac370443",1,6.140617900062352
f3,apriori,3,"ac370000, ac370419, ac370442",0,5.823625099845231
f3,apriori,3,"ac370000, ac370419, ac370442",1,5.819734500022605
f3,apriori,3,"ac370419, ac370442, ac370443",0,5.653370399959385
f3,apriori,3,"ac370419, ac370442, ac370443",1,6.1073656000662595
f3,impressed,1,ac419100,0,6.280426500132307
f3,impressed,1,ac419100,1,5.3114990999456495
f3,impressed,1,ac370000,0,5.242968099890277
f3,impressed,1,ac370000,1,5.375717600109056
f3,impressed,1,ac415100,0,4.954912699991837
f3,impressed,1,ac415100,1,4.696859899908304
f3,impressed,1,ac10307,0,4.718224200187251
f3,impressed,1,ac10307,1,4.529164899839088
f3,impressed,1,ac355427,0,5.015282100066543
f3,impressed,1,ac355427,1,4.831407200079411
f3,impressed,2,"ac370000, ac370402",0,5.555854599922895
f3,impressed,2,"ac370000, ac370402",1,5.593242699978873
f3,impressed,2,"370401c, ac370000",0,5.278207700001076
f3,impressed,2,"370401c, ac370000",1,6.095642000203952
f3,impressed,2,"ac370000, ac370403",0,5.265940199838951
f3,impressed,2,"ac370000, ac370403",1,5.527968000154942
f3,impressed,2,"ac411100, ac419100",0,5.055427699815482
f3,impressed,2,"ac411100, ac419100",1,5.260614500148222
f3,impressed,2,"ac411100, ac415100",0,4.794120499864221
f3,impressed,2,"ac411100, ac415100",1,4.776220300002024
f3,impressed,3,"ac411100, ac415100, ac419100",0,5.379606100032106
f3,impressed,3,"ac411100, ac415100, ac419100",1,5.028354799840599
f3,impressed,3,"ac10307, ac411100, ac419100",0,4.741611500037834
f3,impressed,3,"ac10307, ac411100, ac419100",1,4.736169599927962
f3,impressed,3,"ac370000, ac411100, ac415100",0,4.9490267999935895
f3,impressed,3,"ac370000, ac411100, ac415100",1,5.246443700045347
f3,impressed,3,"ac355201, ac415100, ac419100",0,4.6481028001289815
f3,impressed,3,"ac355201, ac415100, ac419100",1,4.827584399841726
f3,impressed,3,"ac355201, ac411100, ac419100",0,4.804879700066522
f3,impressed,3,"ac355201, ac411100, ac419100",1,4.570348300039768
