dataset,activity,n_train_cases,n_train_events,n_allowed_positions,kind,seconds
f3,ac410100,297,338,28,scored,4.921082800021395
f3,ac419100,597,892,30,scored,5.594168199924752
f3,ac10107,159,160,5,scored,4.609058300033212
f3,339486e,68,75,17,scored,4.710900999838486
f3,ac390520,10,11,11,scored,4.5629030000418425
f3,ac390003,14,18,18,scored,4.489805100020021
f3,ac390550,23,32,21,scored,4.5410372000187635
f3,ac370000,562,1740,31,scored,6.599292000057176
f3,ac370403,419,423,22,scored,5.161464300006628
f3,370407,468,486,27,scored,5.379192099906504
f3,ac370419,454,468,26,scored,5.164995400002226
f3,ac370442,439,447,25,scored,5.437148800119758
f3,ac370443,445,451,25,scored,5.161283700028434
f3,370712b,437,441,26,scored,5.233850399963558
f3,370715a,430,433,25,scored,5.151961699826643
f3,ac379999,348,486,30,scored,5.271327099995688
f3,ac40014,133,216,31,scored,4.938574700150639
f3,370111s,6,6,6,scored,4.540349900024012
f3,370504a,31,73,29,scored,4.607318799942732
f3,370505a,13,15,13,scored,4.582614700077102
f3,375138a,12,16,13,scored,4.4896899999585
f3,ac378149,14,14,13,scored,4.604563199914992
f3,ac10113,13,13,8,scored,4.573044900083914
f3,ac411100,407,1069,31,scored,5.976156499935314
f3,370419s,32,37,21,scored,4.5793542000465095
f3,ac370437,4,4,5,scored,4.534750499995425
f3,370442s,29,34,22,scored,4.53793659992516
f3,370443s,28,33,22,scored,4.679369900142774
f3,other,113,195,31,scored,4.879222200019285
f3,370466c,12,13,11,scored,4.609324999852106
f3,ac370604,379,390,29,scored,5.24963270011358
f3,ac370606,378,388,28,scored,5.255659899907187
f3,ac370701,105,111,27,scored,4.802465199958533
f3,370701s,35,40,20,scored,4.680541000096127
f3,370715s,25,29,20,scored,4.554077799897641
f3,ac370716,2,2,2,skipped (fewer than 3 cases),0.7767954000737518
f3,375003a,15,15,8,scored,4.51814360008575
f3,ac375004,15,19,8,scored,4.499750499846414
f3,ac375075,11,27,16,scored,4.435701000038534
f3,ac375518,5,5,9,scored,4.591917800018564
f3,377121s,24,27,21,scored,4.482031299965456
f3,378452s,7,7,7,scored,4.6003551001194865
f3,ac378607,215,218,27,scored,4.960702899843454
f3,ac350503,39,42,20,scored,4.59765850007534
f3,ac355111,81,82,12,scored,4.844075700035319
f3,ac356132,8,8,8,scored,4.588588899932802
f3,ac359999,23,24,13,scored,4.505060700001195
f3,ac370401,394,396,25,scored,5.188150699948892
f3,370401c,419,422,27,scored,5.165847500087693
f3,ac370402,404,409,27,scored,5.092930000042543
f3,ac370423,416,420,22,scored,5.183459299849346
f3,370488e,424,426,25,scored,5.043818400008604
f3,370488g,425,427,24,scored,5.253823600010946
f3,370488j,410,415,25,scored,5.175565800163895
f3,ac372417,414,415,22,scored,5.287525599822402
f3,376400,240,246,26,scored,5.0362246001604944
f3,ac10307,119,119,12,scored,4.656480199890211
f3,378619a,203,236,30,scored,5.049842500127852
f3,ac415100,184,296,31,scored,4.856347799999639
f3,387042a,90,112,29,scored,4.85913489991799
f3,ac686405,4,5,5,scored,4.631590999895707
f3,330001b,74,80,10,scored,4.66650820011273
f3,ac370111,13,13,12,scored,4.619989699916914
f3,377498a,219,220,15,scored,4.931990100070834
f3,378453a,221,222,17,scored,4.871738099958748
f3,370828a,12,15,13,scored,4.476026900112629
f3,ac370711,62,63,17,scored,4.621794400038198
f3,ac378452,11,11,10,scored,4.539237399818376
f3,ac386002,143,148,26,scored,5.011448899982497
f3,ac386041,7,7,9,scored,4.534382899990305
f3,ac387042,2,3,3,skipped (fewer than 3 cases),0.7451736000366509
f3,370737c,23,23,13,scored,4.445150000043213
f3,ac387090,34,34,13,scored,4.502541800029576
f3,ac355427,30,36,10,scored,4.568468099925667
f3,ac40016,28,34,19,scored,4.539614800130948
f3,ac355201,62,66,13,scored,4.612980599980801
f3,378619e,8,8,7,scored,4.667139499913901
f3,ac379414,11,11,7,scored,4.714865199988708
f3,ac380077,2,2,2,skipped (fewer than 3 cases),0.7418470000848174
f3,ac375005,10,10,5,scored,4.575866099912673
f3,378609k,4,5,5,scored,4.708331600064412
f3,378609s,3,3,3,scored,4.637002799892798
f3,ac610001,50,58,27,scored,4.660415300168097
f3,ac613000,45,87,28,scored,4.782674100017175
f3,ac372441,10,11,8,scored,4.399766099872068
f3,ac376406,6,6,4,scored,4.530778800137341
f3,339488a,4,4,4,scored,4.485569299897179
f3,339988e,8,8,9,scored,4.6523255000356585
f3,ac378858,9,10,8,scored,4.518193399999291
f3,ac614400,20,39,22,scored,4.635423899861053
f3,ac378720,14,14,9,scored,4.516628800192848
f3,ac355401,10,10,7,scored,4.5840133999008685
f3,ac356133,7,7,7,scored,4.536299000028521
f3,387070a,2,2,2,skipped (fewer than 3 cases),0.761873499955982
f3,ac370421,9,9,8,scored,4.460948100080714
f3,370480a,7,7,7,scored,4.589070499874651
f3,376425a,5,5,5,scored,4.613338300026953
f3,ac386042,15,15,12,scored,4.636207400122657
f3,ac370420,3,3,5,scored,4.576764900004491
f3,ac388170,2,3,4,skipped (fewer than 3 cases),0.750260500004515
f3,ac378729,5,5,5,scored,4.40256299986504
f3,ac350507,7,8,7,scored,4.654745399951935
f3,379000a,3,3,4,scored,4.769770900020376
f3,370403s,19,20,14,scored,4.7252661001402885
f3,370423t,17,17,12,scored,4.632923000026494
f3,370426s,10,11,7,scored,4.608737399801612
f3,ac339956,4,4,4,scored,4.567378200124949
f3,ac410500,15,20,15,scored,4.527033600024879
f3,ac390002,3,4,5,scored,4.6228090999647975
f3,370460e,2,2,3,skipped (fewer than 3 cases),0.7680800999514759
f3,ac383333,5,18,14,scored,5.009754500119016
f3,370711s,9,9,7,scored,4.580781899858266
f3,378858s,2,2,2,skipped (fewer than 3 cases),0.7678970000706613
f3,ac355409,8,10,9,scored,4.600933599984273
f3,370501,13,13,13,scored,4.4639425000641495
f3,ac390001,4,6,7,scored,4.547080599935725
f3,370402s,14,16,10,scored,4.463659700006247
f3,370489s,18,18,12,scored,4.5482616000808775
f3,ac378449,19,24,18,scored,4.6286921999417245
f3,ac372439,14,18,12,scored,4.817377100000158
f3,372440a,13,17,12,scored,4.66267400002107
f3,ac378431,11,15,12,scored,4.502966499887407
f3,ac619600,15,20,16,scored,4.695302600041032
f3,ac10207,10,10,9,scored,4.545372900087386
f3,376487,9,13,10,scored,4.619951799977571
f3,ac386902,14,16,15,scored,4.628950299927965
f3,ac389190,6,6,4,scored,4.507888700114563
f3,ac337101,2,2,2,skipped (fewer than 3 cases),0.7542808998841792
f3,ac370424,1,1,2,skipped (fewer than 3 cases),0.7314834001008421
f3,370401s,15,21,11,scored,4.6568189999088645
f3,370488s,15,15,10,scored,4.545421899994835
f3,370488t,11,11,9,scored,4.498761000111699
f3,372417s,10,10,9,scored,4.537144299829379
f3,378453s,7,7,6,scored,4.526267200009897
f3,ac10213,1,1,1,instant (one allowed position),0.0
f3,ac370415,9,9,6,scored,4.532016200013459
f3,370420s,5,5,4,scored,4.542628100141883
f3,ac387001,3,3,3,scored,4.57610769988969
f3,ac710170,2,3,6,skipped (fewer than 3 cases),0.766095400089398
f3,ac612000,5,6,10,scored,4.45780949993059
f3,ac390183,8,10,9,scored,4.721354499924928
f3,ac380000,2,2,3,skipped (fewer than 3 cases),0.7722285001073033
f3,ac20189,1,1,3,skipped (fewer than 3 cases),0.7064616000279784
f3,370421s,5,5,4,scored,4.477148399921134
f3,370737s,3,3,2,scored,4.4733996000140905
f3,370737z,4,5,5,scored,4.449953200062737
f3,ac390004,3,3,5,scored,4.550236999988556
f3,302211,2,2,2,skipped (fewer than 3 cases),0.7503627999685705
f3,370480s,2,2,2,skipped (fewer than 3 cases),0.6889224001206458
f3,370707s,2,2,1,instant (one allowed position),0.0
f3,ac370416,2,2,3,skipped (fewer than 3 cases),0.7447939999401569
f3,ac709999,1,2,2,skipped (fewer than 3 cases),0.7864933998789638
f3,ac387070,3,3,3,scored,3.9880162000190467
f3,ac339160,1,1,2,skipped (fewer than 3 cases),0.7587469001300633
f3,302213e,0,0,1,instant (one allowed position),0.0
f3,ac386001,2,2,2,skipped (fewer than 3 cases),0.7370750999543816
