fold_seed,setting,lowest_whisker,lowest_q1,lowest_median,highest_median,highest_q3,highest_whisker,lowest_mean,highest_mean
0,A_faithful_train,0.084341,0.117785,0.133595,0.173871,0.184122,0.203196,0.127758,0.175084
0,B_fixed_train,0.038085,0.047716,0.051815,0.092367,0.104798,0.122143,0.052735,0.093216
0,C_fixed_test,-0.042449,-0.005114,0.006378,0.035756,0.047863,0.095779,0.005743,0.036790
0,D_faithful_train_reversed,0.038085,0.051738,0.057755,0.199562,0.204259,0.219319,0.058250,0.198822
0,E_original_shuffle_no_accumulation,0.038376,0.049455,0.054051,0.095127,0.103799,0.123787,0.054305,0.095794
0,F_fixed_shuffle_with_accumulation,0.095472,0.119825,0.127480,0.178303,0.190562,0.207576,0.125628,0.179529
1,A_faithful_train,0.087495,0.121148,0.134694,0.167586,0.178572,0.196778,0.130254,0.169918
1,B_fixed_train,0.039534,0.050984,0.056230,0.096638,0.100131,0.114781,0.056874,0.096024
1,C_fixed_test,-0.020289,0.000186,0.009030,0.046136,0.057454,0.082681,0.011796,0.047304
1,D_faithful_train_reversed,0.051593,0.059266,0.062895,0.193383,0.207972,0.226274,0.062542,0.195852
1,E_original_shuffle_no_accumulation,0.035822,0.049634,0.055969,0.102319,0.108266,0.118074,0.055387,0.101208
1,F_fixed_shuffle_with_accumulation,0.103884,0.119520,0.132064,0.173749,0.184955,0.201681,0.128732,0.174271
2,A_faithful_train,0.083953,0.120046,0.135756,0.171131,0.177777,0.198041,0.133763,0.173796
2,B_fixed_train,0.039280,0.050057,0.055266,0.095216,0.101012,0.111389,0.055117,0.095481
2,C_fixed_test,-0.032479,-0.006562,0.000464,0.030133,0.043732,0.076472,0.004038,0.032079
2,D_faithful_train_reversed,0.048104,0.057008,0.062024,0.191753,0.203114,0.221768,0.062839,0.193078
2,E_original_shuffle_no_accumulation,0.045664,0.051807,0.056624,0.097752,0.101347,0.115037,0.056978,0.097158
2,F_fixed_shuffle_with_accumulation,0.085010,0.116363,0.130761,0.179934,0.188163,0.203970,0.128084,0.178964
3,A_faithful_train,0.090712,0.127471,0.141422,0.171496,0.177195,0.196357,0.138629,0.171182
3,B_fixed_train,0.041591,0.052092,0.056571,0.095974,0.103540,0.119124,0.056651,0.097860
3,C_fixed_test,-0.041357,-0.012953,0.002509,0.039929,0.049296,0.084718,0.002572,0.039187
3,D_faithful_train_reversed,0.045860,0.058381,0.064678,0.197652,0.200696,0.214138,0.064027,0.196315
3,E_original_shuffle_no_accumulation,0.045014,0.053177,0.055827,0.097216,0.107350,0.125117,0.057639,0.099289
3,F_fixed_shuffle_with_accumulation,0.089626,0.121781,0.134013,0.178623,0.185129,0.199461,0.130477,0.177751
4,A_faithful_train,0.084885,0.122505,0.139102,0.172364,0.185235,0.200070,0.135806,0.173827
4,B_fixed_train,0.041542,0.051737,0.055531,0.097185,0.104642,0.115153,0.055854,0.097314
4,C_fixed_test,-0.027649,-0.006522,0.003367,0.035367,0.047729,0.071104,0.004460,0.033890
4,D_faithful_train_reversed,0.047604,0.057952,0.061778,0.202855,0.213748,0.228399,0.061619,0.203632
4,E_original_shuffle_no_accumulation,0.040230,0.052267,0.056374,0.101852,0.109131,0.126096,0.056705,0.102046
4,F_fixed_shuffle_with_accumulation,0.104906,0.127375,0.134581,0.181828,0.188106,0.211546,0.133498,0.180563
5,A_faithful_train,0.109884,0.127782,0.134793,0.176606,0.181790,0.194507,0.133573,0.175456
5,B_fixed_train,0.040573,0.048882,0.052200,0.096992,0.103120,0.116382,0.052712,0.097626
5,C_fixed_test,-0.026568,-0.003021,0.009194,0.046296,0.059721,0.089927,0.008319,0.044056
5,D_faithful_train_reversed,0.044028,0.052245,0.060851,0.197964,0.203433,0.218767,0.059436,0.197952
5,E_original_shuffle_no_accumulation,0.038821,0.050184,0.054976,0.099421,0.102445,0.115475,0.054406,0.097626
5,F_fixed_shuffle_with_accumulation,0.086203,0.119799,0.133561,0.181648,0.187275,0.203099,0.130264,0.180993
6,A_faithful_train,0.089636,0.122338,0.131953,0.170129,0.178700,0.195893,0.132442,0.170913
6,B_fixed_train,0.041736,0.052368,0.056497,0.095220,0.102206,0.113171,0.056092,0.095719
6,C_fixed_test,-0.024642,-0.002772,0.007187,0.036841,0.049788,0.084232,0.010190,0.036257
6,D_faithful_train_reversed,0.047947,0.058123,0.063502,0.196774,0.204779,0.222392,0.062072,0.197323
6,E_original_shuffle_no_accumulation,0.042666,0.053061,0.055882,0.098401,0.103992,0.119532,0.056224,0.096692
6,F_fixed_shuffle_with_accumulation,0.090360,0.117109,0.135325,0.179456,0.186990,0.201553,0.131496,0.178077
7,A_faithful_train,0.085150,0.120916,0.133243,0.170443,0.177567,0.193523,0.132058,0.170965
7,B_fixed_train,0.040390,0.052294,0.055345,0.097597,0.102987,0.119027,0.056394,0.096791
7,C_fixed_test,-0.021017,0.005508,0.013349,0.041515,0.058678,0.096441,0.016267,0.043113
7,D_faithful_train_reversed,0.040690,0.053966,0.059977,0.193519,0.203026,0.217850,0.059835,0.194878
7,E_original_shuffle_no_accumulation,0.040187,0.051533,0.055656,0.100195,0.106109,0.119815,0.055976,0.100786
7,F_fixed_shuffle_with_accumulation,0.091216,0.120046,0.130981,0.177274,0.185268,0.203288,0.128234,0.178089
8,A_faithful_train,0.083587,0.122818,0.135308,0.175884,0.184795,0.196378,0.135331,0.175715
8,B_fixed_train,0.037051,0.048922,0.055100,0.097266,0.102269,0.113536,0.055115,0.097516
8,C_fixed_test,-0.014582,0.004069,0.012068,0.047776,0.055030,0.078683,0.011945,0.044942
8,D_faithful_train_reversed,0.046452,0.055545,0.059526,0.199543,0.207335,0.223036,0.059837,0.199616
8,E_original_shuffle_no_accumulation,0.039579,0.051355,0.055718,0.099075,0.105244,0.121344,0.056028,0.099140
8,F_fixed_shuffle_with_accumulation,0.105421,0.124136,0.129628,0.178580,0.186132,0.200106,0.130562,0.175860
9,A_faithful_train,0.097782,0.128780,0.140387,0.175449,0.183884,0.197152,0.136372,0.173902
9,B_fixed_train,0.039157,0.051255,0.057526,0.098175,0.105116,0.120572,0.056902,0.097755
9,C_fixed_test,-0.025964,0.001735,0.012173,0.042670,0.055230,0.086240,0.012053,0.042986
9,D_faithful_train_reversed,0.039606,0.055919,0.061076,0.201980,0.209919,0.233978,0.060843,0.201031
9,E_original_shuffle_no_accumulation,0.035924,0.051849,0.057757,0.101976,0.111468,0.127083,0.057381,0.102922
9,F_fixed_shuffle_with_accumulation,0.090048,0.121071,0.133603,0.177170,0.188426,0.203854,0.130204,0.178661
