fold_seed,fold,n_train,n_test,train_f1,test_f1
0,0,904,226,0.99555864518375647,0.92021297651935885
0,1,904,226,0.99555851824163999,0.87597142568352127
0,2,904,226,0.99108260039734419,0.91351080219268388
0,3,904,226,0.99555851824163999,0.88619842393774195
0,4,904,226,0.99555851824163999,0.85496986020264198
1,0,904,226,0.99332525011448647,0.9059691772352706
1,1,904,226,0.99667205627984312,0.9142546871218753
1,2,904,226,0.99220489415270885,0.83988232653584705
1,3,904,226,0.99332496178035201,0.88619842393774195
1,4,904,226,0.99221995953163444,0.9142546871218753
2,0,904,226,0.9966721273495176,0.87731141458747763
2,1,904,226,0.99444282823688168,0.8880986954632808
2,2,904,226,0.99332496178035201,0.90353333108718326
2,3,904,226,0.99555851824163999,0.86282370964324706
2,4,904,226,0.99108260039734419,0.91188120329458267
3,0,904,226,0.99108311789466708,0.87014791142013581
3,1,904,226,0.99444282823688168,0.88923023878776097
3,2,904,226,0.99444282823688168,0.9191043359991754
3,3,904,226,0.99555851824163999,0.84590351127604912
3,4,904,226,0.99444282823688168,0.85622722642800309
4,0,904,226,0.99555864518375647,0.89208670001282542
4,1,904,226,0.99332496178035201,0.90353333108718326
4,2,904,226,0.98995805531719339,0.91842054636398618
4,3,904,226,0.99220489415270885,0.87351104315276307
4,4,904,226,0.99778346660567363,0.85367862361946356
5,0,904,226,0.99555864518375647,0.90756828914177634
5,1,904,226,0.99444282823688168,0.88405421486129288
5,2,904,226,0.99108260039734419,0.87309862767731183
5,3,904,226,0.99220489415270885,0.89025896771459767
5,4,904,226,0.99555851824163999,0.9142546871218753
6,0,904,226,0.99332525011448647,0.88710759737651601
6,1,904,226,0.99444282823688168,0.89025896771459767
6,2,904,226,0.99444282823688168,0.89940405373838128
6,3,904,226,0.99332496178035201,0.9219079346896244
6,4,904,226,0.99444282823688168,0.88405421486129288
7,0,904,226,0.99444302752267144,0.86530147927609224
7,1,904,226,0.99444282823688168,0.90854913976216478
7,2,904,226,0.99332496178035201,0.89025896771459767
7,3,904,226,0.99445342713307183,0.90678106201437936
7,4,904,226,0.99221995953163444,0.92505212064489051
8,0,904,226,0.99444302752267144,0.86268156622138925
8,1,904,226,0.99333777736246009,0.87351104315276307
8,2,904,226,0.99332496178035201,0.92261492827766456
8,3,904,226,0.99332496178035201,0.91351080219268388
8,4,904,226,0.99444282823688168,0.89213911466556706
9,0,904,226,0.99555864518375647,0.88502263597259434
9,1,904,226,0.99332496178035201,0.90353333108718326
9,2,904,226,0.98995805531719339,0.87516365052533895
9,3,904,226,0.99332496178035201,0.91769422578594817
9,4,904,226,0.99778346660567363,0.88163315901204642
