setting,itemset_id,itemset,position,n_values,mean,std,min,whisker_low,q1,median,q3,whisker_high,max,share_above_zero,mean_traces_changed,rank,scope
A_faithful_train,0,"370407, ac370000",1,50,0.064983,0.014672,0.037555,0.037555,0.054600,0.062179,0.076669,0.099844,0.099844,1.000000,505.860000,2,fold seed 0
A_faithful_train,1,"ac370000, ac370419",2,50,0.068747,0.010370,0.047812,0.047812,0.062097,0.071171,0.076098,0.090808,0.090808,1.000000,491.560000,1,fold seed 0
A_faithful_train,2,"ac370000, ac370443",3,50,0.062555,0.009543,0.045398,0.045398,0.054328,0.065064,0.070481,0.076183,0.076183,1.000000,480.100000,4,fold seed 0
A_faithful_train,3,"ac370000, ac370419, ac370443",4,50,0.061367,0.009018,0.044381,0.044381,0.053227,0.061363,0.068594,0.077221,0.077221,1.000000,476.800000,9,fold seed 0
A_faithful_train,4,"ac370419, ac370443",5,50,0.061473,0.009115,0.046656,0.046656,0.052280,0.061738,0.070021,0.079571,0.079571,1.000000,463.780000,8,fold seed 0
A_faithful_train,5,"ac370000, ac370442",6,50,0.060146,0.007861,0.047666,0.047666,0.053292,0.058203,0.067121,0.074984,0.074984,1.000000,482.680000,10,fold seed 0
A_faithful_train,6,"370407, ac370000, ac370419",7,50,0.063144,0.009188,0.046571,0.046571,0.056632,0.061115,0.071405,0.083147,0.083147,1.000000,476.600000,3,fold seed 0
A_faithful_train,7,"370407, ac370419",8,50,0.062287,0.009971,0.043312,0.043312,0.054394,0.059938,0.066797,0.082843,0.082843,1.000000,462.240000,5,fold seed 0
A_faithful_train,8,"ac370442, ac370443",9,50,0.061521,0.008205,0.046622,0.046622,0.055442,0.061053,0.068127,0.077221,0.077221,1.000000,464.260000,7,fold seed 0
A_faithful_train,9,"ac370000, ac370419, ac370442",10,50,0.061668,0.007009,0.050977,0.050977,0.055811,0.058989,0.066339,0.076239,0.076239,1.000000,482.720000,6,fold seed 0
B_fixed_train,0,"370407, ac370000",1,50,0.039450,0.004327,0.032074,0.032074,0.036520,0.038748,0.042882,0.049706,0.049706,1.000000,531.540000,4,fold seed 0
B_fixed_train,1,"ac370000, ac370419",2,50,0.036509,0.005387,0.025491,0.025491,0.033247,0.036520,0.040010,0.048929,0.048929,1.000000,518.820000,5,fold seed 0
B_fixed_train,2,"ac370000, ac370443",3,50,0.033962,0.005627,0.018829,0.028764,0.030955,0.032673,0.035584,0.041014,0.051031,1.000000,506.760000,7,fold seed 0
B_fixed_train,3,"ac370000, ac370419, ac370443",4,50,0.040591,0.006565,0.031047,0.031047,0.035403,0.039812,0.044228,0.056727,0.056727,1.000000,507.720000,3,fold seed 0
B_fixed_train,4,"ac370419, ac370443",5,50,0.022641,0.003375,0.013302,0.016610,0.019946,0.022194,0.024367,0.029942,0.032119,1.000000,506.280000,9,fold seed 0
B_fixed_train,5,"ac370000, ac370442",6,50,0.035081,0.005485,0.023291,0.023291,0.031254,0.034393,0.038786,0.047745,0.047745,1.000000,502.860000,6,fold seed 0
B_fixed_train,6,"370407, ac370000, ac370419",7,50,0.042634,0.005541,0.030995,0.030995,0.039095,0.041958,0.046451,0.055565,0.055565,1.000000,505.220000,1,fold seed 0
B_fixed_train,7,"370407, ac370419",8,50,0.027894,0.004026,0.021002,0.021002,0.025464,0.027651,0.030952,0.038677,0.038677,1.000000,504.260000,8,fold seed 0
B_fixed_train,8,"ac370442, ac370443",9,50,0.021907,0.003989,0.013258,0.014368,0.019925,0.022114,0.024355,0.028770,0.028770,1.000000,501.300000,10,fold seed 0
B_fixed_train,9,"ac370000, ac370419, ac370442",10,50,0.040699,0.006078,0.029829,0.029829,0.036546,0.039931,0.043213,0.052381,0.055565,1.000000,503.020000,2,fold seed 0
C_fixed_test,0,"370407, ac370000",1,50,0.006351,0.011216,-0.013452,-0.013452,-0.000443,0.004365,0.011874,0.026846,0.030585,0.640000,132.900000,5,fold seed 0
C_fixed_test,1,"ac370000, ac370419",2,50,0.002298,0.013099,-0.022381,-0.022381,-0.008592,0.000000,0.012121,0.031018,0.031018,0.480000,129.800000,7,fold seed 0
C_fixed_test,2,"ac370000, ac370443",3,50,0.004478,0.011484,-0.022230,-0.022230,-0.003120,0.004224,0.013230,0.026102,0.026102,0.560000,126.860000,6,fold seed 0
C_fixed_test,3,"ac370000, ac370419, ac370443",4,50,0.006685,0.013429,-0.017615,-0.017615,-0.004687,0.008659,0.017538,0.035079,0.035079,0.620000,126.960000,4,fold seed 0
C_fixed_test,4,"ac370419, ac370443",5,50,-0.001927,0.008509,-0.022381,-0.022381,-0.008842,-0.000387,0.004116,0.017461,0.017461,0.320000,126.660000,10,fold seed 0
C_fixed_test,5,"ac370000, ac370442",6,50,0.008822,0.010581,-0.013475,-0.009310,0.004113,0.009085,0.013534,0.026846,0.026846,0.760000,125.840000,2,fold seed 0
C_fixed_test,6,"370407, ac370000, ac370419",7,50,0.011136,0.014886,-0.022699,-0.022699,0.000071,0.013049,0.021745,0.039388,0.039388,0.740000,126.360000,1,fold seed 0
C_fixed_test,7,"370407, ac370419",8,50,-0.000067,0.009733,-0.021958,-0.021958,-0.007732,-0.000191,0.004582,0.021629,0.026270,0.440000,126.020000,9,fold seed 0
C_fixed_test,8,"ac370442, ac370443",9,50,0.001615,0.007387,-0.017835,-0.009284,-0.004345,0.000000,0.004369,0.017254,0.017898,0.480000,125.460000,8,fold seed 0
C_fixed_test,9,"ac370000, ac370419, ac370442",10,50,0.008608,0.012345,-0.017581,-0.017581,0.000034,0.008904,0.017666,0.031317,0.031317,0.740000,125.800000,3,fold seed 0
D_faithful_train_reversed,0,"370407, ac370000",10,50,0.066367,0.008746,0.048907,0.048907,0.060972,0.065708,0.071964,0.085328,0.085328,1.000000,500.340000,1,fold seed 0
D_faithful_train_reversed,1,"ac370000, ac370419",9,50,0.065208,0.007987,0.049912,0.049912,0.060011,0.064491,0.068912,0.079571,0.085203,1.000000,489.780000,4,fold seed 0
D_faithful_train_reversed,2,"ac370000, ac370443",8,50,0.062095,0.006833,0.044278,0.044278,0.056964,0.062194,0.067347,0.072747,0.072747,1.000000,483.580000,9,fold seed 0
D_faithful_train_reversed,3,"ac370000, ac370419, ac370443",7,50,0.063042,0.006594,0.051006,0.051006,0.059739,0.063146,0.067286,0.078206,0.078206,1.000000,481.320000,6,fold seed 0
D_faithful_train_reversed,4,"ac370419, ac370443",6,50,0.064413,0.007834,0.047637,0.047637,0.058624,0.064045,0.070666,0.083020,0.083020,1.000000,468.380000,5,fold seed 0
D_faithful_train_reversed,5,"ac370000, ac370442",5,50,0.066130,0.005776,0.053285,0.053285,0.062018,0.066928,0.069077,0.078259,0.078259,1.000000,480.380000,2,fold seed 0
D_faithful_train_reversed,6,"370407, ac370000, ac370419",4,50,0.065476,0.007030,0.050920,0.050920,0.061931,0.065172,0.071714,0.078399,0.078399,1.000000,481.080000,3,fold seed 0
D_faithful_train_reversed,7,"370407, ac370419",3,50,0.062593,0.007213,0.045350,0.045350,0.057968,0.063708,0.068535,0.076024,0.076024,1.000000,467.280000,7,fold seed 0
D_faithful_train_reversed,8,"ac370442, ac370443",2,50,0.062236,0.010458,0.043255,0.043255,0.053177,0.065116,0.071506,0.076883,0.076883,1.000000,462.220000,8,fold seed 0
D_faithful_train_reversed,9,"ac370000, ac370419, ac370442",1,50,0.060445,0.011717,0.035370,0.035370,0.052021,0.060132,0.069777,0.081846,0.081846,1.000000,486.940000,10,fold seed 0
E_original_shuffle_no_accumulation,0,"370407, ac370000",1,50,0.041064,0.004940,0.029915,0.029915,0.037570,0.041542,0.044019,0.053249,0.053249,1.000000,532.560000,2,fold seed 0
E_original_shuffle_no_accumulation,1,"ac370000, ac370419",2,50,0.039961,0.006758,0.027689,0.027689,0.034669,0.038818,0.043014,0.053442,0.056763,1.000000,520.240000,5,fold seed 0
E_original_shuffle_no_accumulation,2,"ac370000, ac370443",3,50,0.037217,0.007876,0.025491,0.025491,0.032410,0.035433,0.041841,0.053280,0.061101,1.000000,508.500000,6,fold seed 0
E_original_shuffle_no_accumulation,3,"ac370000, ac370419, ac370443",4,50,0.040430,0.006289,0.029933,0.029933,0.035365,0.039349,0.044240,0.054470,0.054470,1.000000,507.900000,3,fold seed 0
E_original_shuffle_no_accumulation,4,"ac370419, ac370443",5,50,0.024089,0.004055,0.015520,0.015520,0.021301,0.023265,0.027364,0.033264,0.033264,1.000000,507.200000,9,fold seed 0
E_original_shuffle_no_accumulation,5,"ac370000, ac370442",6,50,0.036323,0.006981,0.021044,0.021044,0.031369,0.035472,0.040408,0.051091,0.055348,1.000000,504.360000,7,fold seed 0
E_original_shuffle_no_accumulation,6,"370407, ac370000, ac370419",7,50,0.042524,0.007138,0.030984,0.030984,0.036625,0.042111,0.046614,0.057821,0.057821,1.000000,505.540000,1,fold seed 0
E_original_shuffle_no_accumulation,7,"370407, ac370419",8,50,0.027932,0.003676,0.017701,0.017701,0.025438,0.028750,0.030707,0.034327,0.034327,1.000000,505.020000,8,fold seed 0
E_original_shuffle_no_accumulation,8,"ac370442, ac370443",9,50,0.023805,0.003909,0.015478,0.015478,0.021026,0.023228,0.026556,0.032044,0.032044,1.000000,502.400000,10,fold seed 0
E_original_shuffle_no_accumulation,9,"ac370000, ac370419, ac370442",10,50,0.040269,0.005156,0.029868,0.029868,0.036840,0.039895,0.042140,0.048841,0.054504,1.000000,503.120000,4,fold seed 0
F_fixed_shuffle_with_accumulation,0,"370407, ac370000",1,50,0.058983,0.015517,0.030959,0.030959,0.048166,0.058365,0.064823,0.089721,0.098836,1.000000,534.000000,10,fold seed 0
F_fixed_shuffle_with_accumulation,1,"ac370000, ac370419",2,50,0.071543,0.012911,0.053163,0.053163,0.063439,0.068396,0.074853,0.088634,0.103486,1.000000,521.560000,1,fold seed 0
F_fixed_shuffle_with_accumulation,2,"ac370000, ac370443",3,50,0.064263,0.011580,0.044376,0.044376,0.054682,0.063694,0.073281,0.086524,0.086524,1.000000,509.600000,2,fold seed 0
F_fixed_shuffle_with_accumulation,3,"ac370000, ac370419, ac370443",4,50,0.061554,0.010545,0.041061,0.041061,0.051332,0.061731,0.068582,0.085052,0.085052,1.000000,508.000000,5,fold seed 0
F_fixed_shuffle_with_accumulation,4,"ac370419, ac370443",5,50,0.059193,0.009950,0.044408,0.044408,0.051036,0.058066,0.065209,0.079605,0.079605,1.000000,508.000000,9,fold seed 0
F_fixed_shuffle_with_accumulation,5,"ac370000, ac370442",6,50,0.060027,0.009473,0.043332,0.043332,0.052230,0.058228,0.069284,0.078125,0.078125,1.000000,505.600000,8,fold seed 0
F_fixed_shuffle_with_accumulation,6,"370407, ac370000, ac370419",7,50,0.063153,0.007680,0.046568,0.046568,0.057580,0.063491,0.069564,0.077276,0.077276,1.000000,505.600000,3,fold seed 0
F_fixed_shuffle_with_accumulation,7,"370407, ac370419",8,50,0.062774,0.009037,0.047781,0.047781,0.055710,0.062217,0.069290,0.079748,0.079748,1.000000,505.600000,4,fold seed 0
F_fixed_shuffle_with_accumulation,8,"ac370442, ac370443",9,50,0.061403,0.008616,0.046542,0.046542,0.053532,0.060755,0.068383,0.083674,0.083674,1.000000,503.200000,7,fold seed 0
F_fixed_shuffle_with_accumulation,9,"ac370000, ac370419, ac370442",10,50,0.061511,0.009639,0.045581,0.045581,0.053440,0.060385,0.068173,0.084874,0.084874,1.000000,503.200000,6,fold seed 0
A_faithful_train,0,"370407, ac370000",1,500,0.062455,0.018739,0.029961,0.029961,0.053314,0.060016,0.069251,0.091762,0.177831,1.000000,506.654000,7,all fold seeds
A_faithful_train,1,"ac370000, ac370419",2,500,0.068650,0.020407,0.042009,0.042009,0.058691,0.064119,0.072356,0.092595,0.191075,1.000000,491.962000,1,all fold seeds
A_faithful_train,2,"ac370000, ac370443",3,500,0.063643,0.021252,0.036586,0.036586,0.053237,0.058754,0.067593,0.087986,0.194968,1.000000,481.110000,4,all fold seeds
A_faithful_train,3,"ac370000, ac370419, ac370443",4,500,0.063357,0.023566,0.037767,0.037767,0.052196,0.057932,0.065911,0.081712,0.203582,1.000000,478.306000,5,all fold seeds
A_faithful_train,4,"ac370419, ac370443",5,500,0.061630,0.021139,0.038865,0.038865,0.051214,0.056807,0.064707,0.083118,0.180131,1.000000,463.598000,8,all fold seeds
A_faithful_train,5,"ac370000, ac370442",6,500,0.060661,0.019414,0.034414,0.034414,0.051256,0.055818,0.063430,0.078632,0.183814,1.000000,481.886000,10,all fold seeds
A_faithful_train,6,"370407, ac370000, ac370419",7,500,0.063773,0.023352,0.037706,0.037706,0.053407,0.058954,0.065337,0.083147,0.203582,1.000000,477.936000,2,all fold seeds
A_faithful_train,7,"370407, ac370419",8,500,0.062645,0.021124,0.039887,0.039887,0.053190,0.057932,0.064962,0.080390,0.184631,1.000000,462.470000,6,all fold seeds
A_faithful_train,8,"ac370442, ac370443",9,500,0.061366,0.021514,0.042078,0.042078,0.051092,0.055736,0.063676,0.079745,0.183946,1.000000,464.368000,9,all fold seeds
A_faithful_train,9,"ac370000, ac370419, ac370442",10,500,0.063727,0.022470,0.039949,0.039949,0.053415,0.058732,0.065243,0.079604,0.197314,1.000000,482.120000,3,all fold seeds
B_fixed_train,0,"370407, ac370000",1,500,0.038650,0.005178,0.025449,0.025449,0.035380,0.038651,0.042052,0.051979,0.056376,1.000000,531.482000,4,all fold seeds
B_fixed_train,1,"ac370000, ac370419",2,500,0.034874,0.005030,0.022134,0.022134,0.031077,0.034398,0.037810,0.047803,0.048947,1.000000,518.774000,5,all fold seeds
B_fixed_train,2,"ac370000, ac370443",3,500,0.033494,0.005543,0.016637,0.021101,0.029906,0.033232,0.036633,0.046582,0.051031,1.000000,506.996000,7,all fold seeds
B_fixed_train,3,"ac370000, ac370419, ac370443",4,500,0.038946,0.005850,0.019954,0.024386,0.035396,0.038739,0.043092,0.053409,0.057522,1.000000,507.744000,3,all fold seeds
B_fixed_train,4,"ac370419, ac370443",5,500,0.022575,0.004311,0.011090,0.012151,0.019925,0.022169,0.025429,0.033296,0.040934,1.000000,506.542000,9,all fold seeds
B_fixed_train,5,"ac370000, ac370442",6,500,0.034246,0.005451,0.021054,0.021054,0.029983,0.034290,0.037754,0.048671,0.048671,1.000000,503.090000,6,all fold seeds
B_fixed_train,6,"370407, ac370000, ac370419",7,500,0.041629,0.005824,0.027641,0.027641,0.037635,0.041041,0.045390,0.056457,0.059835,1.000000,505.354000,1,all fold seeds
B_fixed_train,7,"370407, ac370419",8,500,0.026143,0.004192,0.013289,0.015512,0.023251,0.025521,0.028780,0.036580,0.043077,1.000000,504.244000,8,all fold seeds
B_fixed_train,8,"ac370442, ac370443",9,500,0.021833,0.004170,0.012132,0.012132,0.018836,0.022082,0.024348,0.032088,0.035437,1.000000,501.590000,10,all fold seeds
B_fixed_train,9,"ac370000, ac370419, ac370442",10,500,0.039190,0.005788,0.021085,0.024386,0.035448,0.039291,0.043100,0.054504,0.055565,1.000000,503.058000,2,all fold seeds
C_fixed_test,0,"370407, ac370000",1,500,0.000996,0.011970,-0.031638,-0.031638,-0.008624,0.000141,0.008838,0.030585,0.030585,0.502000,132.902000,7,all fold seeds
C_fixed_test,1,"ac370000, ac370419",2,500,0.001063,0.011545,-0.039490,-0.030657,-0.008315,0.000000,0.008834,0.031165,0.034818,0.482000,129.798000,6,all fold seeds
C_fixed_test,2,"ac370000, ac370443",3,500,0.003345,0.011393,-0.027319,-0.027319,-0.004485,0.004319,0.012973,0.034980,0.034980,0.590000,126.758000,5,all fold seeds
C_fixed_test,3,"ac370000, ac370419, ac370443",4,500,0.004575,0.012264,-0.027101,-0.027101,-0.004357,0.004340,0.013137,0.035079,0.039558,0.616000,126.934000,2,all fold seeds
C_fixed_test,4,"ac370419, ac370443",5,500,-0.001201,0.009390,-0.035226,-0.026574,-0.008801,-0.000238,0.004375,0.022150,0.022150,0.366000,126.652000,10,all fold seeds
C_fixed_test,5,"ac370000, ac370442",6,500,0.003982,0.011669,-0.026844,-0.026844,-0.004478,0.004331,0.012785,0.031165,0.047957,0.602000,125.786000,3,all fold seeds
C_fixed_test,6,"370407, ac370000, ac370419",7,500,0.005648,0.012647,-0.027101,-0.027101,-0.004327,0.004370,0.013215,0.039469,0.044790,0.616000,126.328000,1,all fold seeds
C_fixed_test,7,"370407, ac370419",8,500,-0.000610,0.010586,-0.035044,-0.026744,-0.008844,-0.000146,0.004588,0.022508,0.034705,0.422000,126.060000,9,all fold seeds
C_fixed_test,8,"ac370442, ac370443",9,500,0.000433,0.009919,-0.030700,-0.018346,-0.004643,0.000000,0.004610,0.018108,0.030617,0.444000,125.430000,8,all fold seeds
C_fixed_test,9,"ac370000, ac370419, ac370442",10,500,0.003890,0.011711,-0.035044,-0.022507,-0.004342,0.004224,0.009388,0.026846,0.036192,0.578000,125.762000,4,all fold seeds
D_faithful_train_reversed,0,"370407, ac370000",10,500,0.067066,0.020808,0.042140,0.042140,0.057577,0.063126,0.068190,0.083185,0.209132,1.000000,500.028000,2,all fold seeds
D_faithful_train_reversed,1,"ac370000, ac370419",9,500,0.066180,0.021454,0.039935,0.039935,0.056514,0.062020,0.068010,0.085203,0.195226,1.000000,488.968000,4,all fold seeds
D_faithful_train_reversed,2,"ac370000, ac370443",8,500,0.063273,0.019675,0.036633,0.041098,0.054390,0.059760,0.065400,0.078447,0.181620,1.000000,482.772000,9,all fold seeds
D_faithful_train_reversed,3,"ac370000, ac370419, ac370443",7,500,0.065044,0.021949,0.035444,0.041019,0.055433,0.060149,0.066767,0.080128,0.192622,1.000000,482.612000,7,all fold seeds
D_faithful_train_reversed,4,"ac370419, ac370443",6,500,0.065251,0.021118,0.042171,0.042171,0.055376,0.061244,0.067523,0.083020,0.182297,1.000000,468.688000,6,all fold seeds
D_faithful_train_reversed,5,"ac370000, ac370442",5,500,0.066386,0.019806,0.039805,0.039805,0.056710,0.062944,0.068469,0.083638,0.197592,1.000000,481.596000,3,all fold seeds
D_faithful_train_reversed,6,"370407, ac370000, ac370419",4,500,0.067995,0.022152,0.040922,0.040922,0.056765,0.063258,0.070805,0.089127,0.198617,1.000000,480.542000,1,all fold seeds
D_faithful_train_reversed,7,"370407, ac370419",3,500,0.064600,0.018835,0.034285,0.037659,0.055348,0.061138,0.067662,0.085512,0.165424,1.000000,468.034000,8,all fold seeds
D_faithful_train_reversed,8,"ac370442, ac370443",2,500,0.065760,0.022869,0.036633,0.036633,0.054450,0.061149,0.067928,0.082353,0.184051,1.000000,461.918000,5,all fold seeds
D_faithful_train_reversed,9,"ac370000, ac370419, ac370442",1,500,0.061061,0.021760,0.025539,0.032197,0.050866,0.057907,0.065869,0.082580,0.185222,1.000000,486.390000,10,all fold seeds
E_original_shuffle_no_accumulation,0,"370407, ac370000",1,500,0.039884,0.005136,0.027665,0.027665,0.036498,0.039813,0.043253,0.053249,0.056430,1.000000,532.526000,3,all fold seeds
E_original_shuffle_no_accumulation,1,"ac370000, ac370419",2,500,0.037782,0.005351,0.021054,0.025461,0.034305,0.037661,0.041062,0.051140,0.056763,1.000000,520.042000,5,all fold seeds
E_original_shuffle_no_accumulation,2,"ac370000, ac370443",3,500,0.035811,0.005658,0.023238,0.023238,0.032117,0.035411,0.038848,0.048898,0.061101,1.000000,508.494000,6,all fold seeds
E_original_shuffle_no_accumulation,3,"ac370000, ac370419, ac370443",4,500,0.040087,0.005623,0.023338,0.026567,0.036517,0.039842,0.043355,0.053343,0.058731,1.000000,507.938000,2,all fold seeds
E_original_shuffle_no_accumulation,4,"ac370419, ac370443",5,500,0.023936,0.004076,0.013264,0.013264,0.021028,0.023268,0.026577,0.034357,0.034357,1.000000,507.176000,9,all fold seeds
E_original_shuffle_no_accumulation,5,"ac370000, ac370442",6,500,0.035726,0.005591,0.021044,0.021044,0.032100,0.035488,0.039842,0.051091,0.055348,1.000000,504.224000,7,all fold seeds
E_original_shuffle_no_accumulation,6,"370407, ac370000, ac370419",7,500,0.041024,0.005859,0.024403,0.028730,0.037575,0.040874,0.044600,0.054397,0.057821,1.000000,505.486000,1,all fold seeds
E_original_shuffle_no_accumulation,7,"370407, ac370419",8,500,0.026886,0.004196,0.013284,0.016611,0.024323,0.026579,0.029868,0.037695,0.039774,1.000000,505.076000,8,all fold seeds
E_original_shuffle_no_accumulation,8,"ac370442, ac370443",9,500,0.022839,0.004011,0.011065,0.012171,0.019912,0.023179,0.025458,0.032104,0.035379,1.000000,502.322000,10,all fold seeds
E_original_shuffle_no_accumulation,9,"ac370000, ac370419, ac370442",10,500,0.039582,0.005444,0.023286,0.024403,0.035440,0.039822,0.043211,0.054504,0.054504,1.000000,503.112000,4,all fold seeds
F_fixed_shuffle_with_accumulation,0,"370407, ac370000",1,500,0.058107,0.014995,0.026584,0.026584,0.048794,0.056484,0.064371,0.087546,0.141430,1.000000,533.870000,10,all fold seeds
F_fixed_shuffle_with_accumulation,1,"ac370000, ac370419",2,500,0.067774,0.019182,0.042167,0.042167,0.056546,0.063235,0.073689,0.098760,0.183503,1.000000,521.556000,1,all fold seeds
F_fixed_shuffle_with_accumulation,2,"ac370000, ac370443",3,500,0.062984,0.017982,0.036609,0.036609,0.053437,0.059042,0.067087,0.086524,0.172756,1.000000,509.598000,3,all fold seeds
F_fixed_shuffle_with_accumulation,3,"ac370000, ac370419, ac370443",4,500,0.061793,0.018180,0.035489,0.035489,0.051187,0.057930,0.066073,0.085052,0.160438,1.000000,508.000000,6,all fold seeds
F_fixed_shuffle_with_accumulation,4,"ac370419, ac370443",5,500,0.060128,0.016182,0.036683,0.036683,0.050888,0.056671,0.064899,0.085430,0.151947,1.000000,508.000000,9,all fold seeds
F_fixed_shuffle_with_accumulation,5,"ac370000, ac370442",6,500,0.061150,0.016918,0.033272,0.033272,0.052261,0.057722,0.065782,0.085661,0.168124,1.000000,505.600000,7,all fold seeds
F_fixed_shuffle_with_accumulation,6,"370407, ac370000, ac370419",7,500,0.063792,0.017637,0.037637,0.037637,0.054441,0.060213,0.068242,0.088135,0.171699,1.000000,505.600000,2,all fold seeds
F_fixed_shuffle_with_accumulation,7,"370407, ac370419",8,500,0.061868,0.017480,0.036609,0.036609,0.052248,0.058613,0.066330,0.086682,0.169382,1.000000,505.600000,5,all fold seeds
F_fixed_shuffle_with_accumulation,8,"ac370442, ac370443",9,500,0.061017,0.017411,0.035525,0.035525,0.051215,0.057909,0.065706,0.086545,0.166110,1.000000,503.200000,8,all fold seeds
F_fixed_shuffle_with_accumulation,9,"ac370000, ac370419, ac370442",10,500,0.062230,0.017761,0.034392,0.034392,0.052431,0.059163,0.065962,0.084874,0.177809,1.000000,503.200000,4,all fold seeds
