first,second,spearman,spearman_p,kendall,kendall_p,top3_in_common,scope
A_faithful_train,B_fixed_train,-0.309091,0.384841,-0.200000,0.484313,1,fold seed 0
A_faithful_train,C_fixed_test,-0.163636,0.651477,-0.022222,1.000000,1,fold seed 0
A_faithful_train,D_faithful_train_reversed,0.175758,0.627188,0.066667,0.861801,2,fold seed 0
A_faithful_train,E_original_shuffle_no_accumulation,-0.381818,0.276255,-0.244444,0.380720,0,fold seed 0
A_faithful_train,F_fixed_shuffle_with_accumulation,0.672727,0.033041,0.555556,0.028609,2,fold seed 0
B_fixed_train,C_fixed_test,0.878788,0.000814,0.733333,0.002213,2,fold seed 0
B_fixed_train,D_faithful_train_reversed,0.539394,0.107593,0.377778,0.155742,2,fold seed 0
B_fixed_train,E_original_shuffle_no_accumulation,0.987879,0.000000,0.955556,0.000006,2,fold seed 0
B_fixed_train,F_fixed_shuffle_with_accumulation,-0.175758,0.627188,-0.200000,0.484313,0,fold seed 0
C_fixed_test,D_faithful_train_reversed,0.539394,0.107593,0.377778,0.155742,1,fold seed 0
C_fixed_test,E_original_shuffle_no_accumulation,0.890909,0.000542,0.777778,0.000946,2,fold seed 0
C_fixed_test,F_fixed_shuffle_with_accumulation,0.030303,0.933773,0.066667,0.861801,0,fold seed 0
D_faithful_train_reversed,E_original_shuffle_no_accumulation,0.490909,0.149656,0.333333,0.216373,1,fold seed 0
D_faithful_train_reversed,F_fixed_shuffle_with_accumulation,0.163636,0.651477,0.155556,0.600654,1,fold seed 0
E_original_shuffle_no_accumulation,F_fixed_shuffle_with_accumulation,-0.163636,0.651477,-0.155556,0.600654,0,fold seed 0
A_faithful_train,B_fixed_train,-0.115152,0.751420,-0.066667,0.861801,1,all fold seeds
A_faithful_train,C_fixed_test,0.042424,0.907364,0.022222,1.000000,1,all fold seeds
A_faithful_train,D_faithful_train_reversed,0.260606,0.467089,0.244444,0.380720,2,all fold seeds
A_faithful_train,E_original_shuffle_no_accumulation,-0.139394,0.700932,-0.111111,0.727490,1,all fold seeds
A_faithful_train,F_fixed_shuffle_with_accumulation,0.806061,0.004862,0.733333,0.002213,2,all fold seeds
B_fixed_train,C_fixed_test,0.963636,0.000007,0.911111,0.000030,2,all fold seeds
B_fixed_train,D_faithful_train_reversed,0.478788,0.161523,0.333333,0.216373,2,all fold seeds
B_fixed_train,E_original_shuffle_no_accumulation,0.987879,0.000000,0.955556,0.000006,3,all fold seeds
B_fixed_train,F_fixed_shuffle_with_accumulation,-0.248485,0.488776,-0.244444,0.380720,0,all fold seeds
C_fixed_test,D_faithful_train_reversed,0.454545,0.186905,0.333333,0.216373,1,all fold seeds
C_fixed_test,E_original_shuffle_no_accumulation,0.927273,0.000112,0.866667,0.000115,2,all fold seeds
C_fixed_test,F_fixed_shuffle_with_accumulation,-0.127273,0.726057,-0.155556,0.600654,0,all fold seeds
D_faithful_train_reversed,E_original_shuffle_no_accumulation,0.539394,0.107593,0.377778,0.155742,2,all fold seeds
D_faithful_train_reversed,F_fixed_shuffle_with_accumulation,0.006061,0.986743,0.066667,0.861801,1,all fold seeds
E_original_shuffle_no_accumulation,F_fixed_shuffle_with_accumulation,-0.272727,0.445838,-0.288889,0.291248,0,all fold seeds
