variant,itemset_id,itemset,fold,repeat,baseline,permuted,importance,n_traces_with_itemset,n_traces_changed,n_traces_unchanged_infeasible,original_importance
engine faithful (train),0,"370407, ac370000",0,0,0.99668215424455731,0.95562454058523671,0.041057613659320591,538,533,0,0.041057613659320591
engine faithful (train),0,"370407, ac370000",0,1,0.99668215424455731,0.94318560054043854,0.053496553704118766,538,530,0,0.053496553704118766
engine faithful (train),1,"ac370000, ac370419",0,0,0.99668215424455731,0.92403538502918225,0.072646769215375051,531,531,0,0.072646769215375051
engine faithful (train),1,"ac370000, ac370419",0,1,0.99668215424455731,0.93073814517366615,0.065944009070891152,531,522,0,0.065944009070891152
engine faithful (train),2,"ac370000, ac370443",0,0,0.99668215424455731,0.926269638410677,0.070412515833880307,517,517,0,0.070412515833880307
engine faithful (train),2,"ac370000, ac370443",0,1,0.99668215424455731,0.93073814517366615,0.065944009070891152,517,517,0,0.065944009070891152
engine faithful (train),3,"ac370000, ac370419, ac370443",0,0,0.99668215424455731,0.93540670565426931,0.061275448590287995,516,515,0,0.061275448590287995
engine faithful (train),3,"ac370000, ac370419, ac370443",0,1,0.99668215424455731,0.9274562460090845,0.069225908235472811,516,501,0,0.069225908235472811
engine faithful (train),4,"ac370419, ac370443",0,0,0.99668215424455731,0.92388395422529435,0.07279820001926296,516,460,0,0.07279820001926296
engine faithful (train),4,"ac370419, ac370443",0,1,0.99668215424455731,0.92185124470668689,0.074830909537870416,516,473,0,0.074830909537870416
engine faithful (train),5,"ac370000, ac370442",0,0,0.99668215424455731,0.93178826060467412,0.064893893639883182,512,512,0,0.064893893639883182
engine faithful (train),5,"ac370000, ac370442",0,1,0.99668215424455731,0.93419367330011405,0.062488480944443259,512,504,0,0.062488480944443259
engine faithful (train),6,"370407, ac370000, ac370419",0,0,0.99668215424455731,0.926269638410677,0.070412515833880307,514,513,0,0.070412515833880307
engine faithful (train),6,"370407, ac370000, ac370419",0,1,0.99668215424455731,0.9162956684720206,0.080386485772536709,514,507,0,0.080386485772536709
engine faithful (train),7,"370407, ac370419",0,0,0.99668215424455731,0.926269638410677,0.070412515833880307,514,469,0,0.070412515833880307
engine faithful (train),7,"370407, ac370419",0,1,0.99668215424455731,0.92299201499425887,0.073690139250298436,514,471,0,0.073690139250298436
engine faithful (train),8,"ac370442, ac370443",0,0,0.99668215424455731,0.92754591808678211,0.069136236157775199,510,509,0,0.069136236157775199
engine faithful (train),8,"ac370442, ac370443",0,1,0.99668215424455731,0.92731535966071843,0.069366794583838876,510,464,0,0.069366794583838876
engine faithful (train),9,"ac370000, ac370419, ac370442",0,0,0.99668215424455731,0.92408406628649575,0.072598087958061552,511,506,0,0.072598087958061552
engine faithful (train),9,"ac370000, ac370419, ac370442",0,1,0.99668215424455731,0.92070953593236227,0.075972618312195039,511,500,0,0.075972618312195039
"engine fixed (train, pools from log)",0,"370407, ac370000",0,0,0.99668215424455731,0.95790605933500939,0.03877609490954792,538,534,0,
"engine fixed (train, pools from log)",0,"370407, ac370000",0,1,0.99668215424455731,0.9523085475876274,0.044373606656929909,538,537,0,
"engine fixed (train, pools from log)",1,"ac370000, ac370419",0,0,0.99668215424455731,0.96116146118170254,0.035520693062854769,531,526,0,
"engine fixed (train, pools from log)",1,"ac370000, ac370419",0,1,0.99668215424455731,0.95118699464376033,0.045495159600796975,531,528,0,
"engine fixed (train, pools from log)",2,"ac370000, ac370443",0,0,0.99668215424455731,0.96116146118170254,0.035520693062854769,517,515,0,
"engine fixed (train, pools from log)",2,"ac370000, ac370443",0,1,0.99668215424455731,0.96785213785897439,0.028830016385582913,517,513,0,
"engine fixed (train, pools from log)",3,"ac370000, ac370419, ac370443",0,0,0.99668215424455731,0.95335692392777227,0.043325230316785035,516,516,0,
"engine fixed (train, pools from log)",3,"ac370000, ac370419, ac370443",0,1,0.99668215424455731,0.95345252038868644,0.043229633855870864,516,516,0,
"engine fixed (train, pools from log)",4,"ac370419, ac370443",0,0,0.99668215424455731,0.97341435326421633,0.02326780098034098,516,515,0,
"engine fixed (train, pools from log)",4,"ac370419, ac370443",0,1,0.99668215424455731,0.97674311171337436,0.019939042531182949,516,516,0,
"engine fixed (train, pools from log)",5,"ac370000, ac370442",0,0,0.99668215424455731,0.96446241823068379,0.032219736013873512,512,506,0,
"engine fixed (train, pools from log)",5,"ac370000, ac370442",0,1,0.99668215424455731,0.96339958303236517,0.033282571212192136,512,509,0,
"engine fixed (train, pools from log)",6,"370407, ac370000, ac370419",0,0,0.99668215424455731,0.95454957421441222,0.042132580030145084,514,513,0,
"engine fixed (train, pools from log)",6,"370407, ac370000, ac370419",0,1,0.99668215424455731,0.9523085475876274,0.044373606656929909,514,514,0,
"engine fixed (train, pools from log)",7,"370407, ac370419",0,0,0.99668215424455731,0.96242223357172674,0.034259920672830568,514,513,0,
"engine fixed (train, pools from log)",7,"370407, ac370419",0,1,0.99668215424455731,0.97008392539974997,0.026598228844807337,514,512,0,
"engine fixed (train, pools from log)",8,"ac370442, ac370443",0,0,0.99668215424455731,0.97233890422513514,0.024343250019422169,510,507,0,
"engine fixed (train, pools from log)",8,"ac370442, ac370443",0,1,0.99668215424455731,0.97119888270290111,0.025483271541656194,510,508,0,
"engine fixed (train, pools from log)",9,"ac370000, ac370419, ac370442",0,0,0.99668215424455731,0.96015894352010978,0.03652321072444753,511,511,0,
"engine fixed (train, pools from log)",9,"ac370000, ac370419, ac370442",0,1,0.99668215424455731,0.95896316885447008,0.037718985390087223,511,510,0,
"engine fixed (test, pools from log)",0,"370407, ac370000",0,0,0.90636542198621928,0.89312035266507583,0.013245069321143443,130,130,0,
"engine fixed (test, pools from log)",0,"370407, ac370000",0,1,0.90636542198621928,0.90659084374301147,-0.0002254217567921879,130,129,0,
"engine fixed (test, pools from log)",1,"ac370000, ac370419",0,0,0.90636542198621928,0.91984026449880685,-0.01347484251258757,121,121,0,
"engine fixed (test, pools from log)",1,"ac370000, ac370419",0,1,0.90636542198621928,0.91984026449880685,-0.01347484251258757,121,119,0,
"engine fixed (test, pools from log)",2,"ac370000, ac370443",0,0,0.90636542198621928,0.91528300084467473,-0.0089175788584554549,120,117,0,
"engine fixed (test, pools from log)",2,"ac370000, ac370443",0,1,0.90636542198621928,0.90636542198621928,0,120,119,0,
"engine fixed (test, pools from log)",3,"ac370000, ac370419, ac370443",0,0,0.90636542198621928,0.9156753071437338,-0.0093098851575145192,119,119,0,
"engine fixed (test, pools from log)",3,"ac370000, ac370419, ac370443",0,1,0.90636542198621928,0.89769473362329832,0.008670688362920953,119,119,0,
"engine fixed (test, pools from log)",4,"ac370419, ac370443",0,0,0.90636542198621928,0.91548695386272461,-0.0091215318765053288,119,119,0,
"engine fixed (test, pools from log)",4,"ac370419, ac370443",0,1,0.90636542198621928,0.92002605897373124,-0.013660636987511965,119,119,0,
"engine fixed (test, pools from log)",5,"ac370000, ac370442",0,0,0.90636542198621928,0.90679902368517928,-0.00043360169896000667,120,120,0,
"engine fixed (test, pools from log)",5,"ac370000, ac370442",0,1,0.90636542198621928,0.91984026449880685,-0.01347484251258757,120,119,0,
"engine fixed (test, pools from log)",6,"370407, ac370000, ac370419",0,0,0.90636542198621928,0.9156753071437338,-0.0093098851575145192,118,118,0,
"engine fixed (test, pools from log)",6,"370407, ac370000, ac370419",0,1,0.90636542198621928,0.89312035266507583,0.013245069321143443,118,118,0,
"engine fixed (test, pools from log)",7,"370407, ac370419",0,0,0.90636542198621928,0.91528300084467473,-0.0089175788584554549,118,118,0,
"engine fixed (test, pools from log)",7,"370407, ac370419",0,1,0.90636542198621928,0.90659084374301147,-0.0002254217567921879,118,118,0,
"engine fixed (test, pools from log)",8,"ac370442, ac370443",0,0,0.90636542198621928,0.90679902368517928,-0.00043360169896000667,119,119,0,
"engine fixed (test, pools from log)",8,"ac370442, ac370443",0,1,0.90636542198621928,0.92420057970312997,-0.017835157716910688,119,118,0,
"engine fixed (test, pools from log)",9,"ac370000, ac370419, ac370442",0,0,0.90636542198621928,0.89336807863164158,0.012997343354577695,118,118,0,
"engine fixed (test, pools from log)",9,"ac370000, ac370419, ac370442",0,1,0.90636542198621928,0.90202698994298602,0.0043384320432332535,118,118,0,
"engine fixed (test, pools from train)",0,"370407, ac370000",0,0,0.90636542198621928,0.90225407207900465,0.0041113499072146231,130,128,0,
"engine fixed (test, pools from train)",0,"370407, ac370000",0,1,0.90636542198621928,0.90659084374301147,-0.0002254217567921879,130,129,0,
"engine fixed (test, pools from train)",1,"ac370000, ac370419",0,0,0.90636542198621928,0.91984026449880685,-0.01347484251258757,121,121,0,
"engine fixed (test, pools from train)",1,"ac370000, ac370419",0,1,0.90636542198621928,0.91984026449880685,-0.01347484251258757,121,120,0,
"engine fixed (test, pools from train)",2,"ac370000, ac370443",0,0,0.90636542198621928,0.91528300084467473,-0.0089175788584554549,120,119,0,
"engine fixed (test, pools from train)",2,"ac370000, ac370443",0,1,0.90636542198621928,0.90636542198621928,0,120,120,0,
"engine fixed (test, pools from train)",3,"ac370000, ac370419, ac370443",0,0,0.90636542198621928,0.9156753071437338,-0.0093098851575145192,119,119,0,
"engine fixed (test, pools from train)",3,"ac370000, ac370419, ac370443",0,1,0.90636542198621928,0.90636542198621928,0,119,119,0,
"engine fixed (test, pools from train)",4,"ac370419, ac370443",0,0,0.90636542198621928,0.90679902368517928,-0.00043360169896000667,119,119,0,
"engine fixed (test, pools from train)",4,"ac370419, ac370443",0,1,0.90636542198621928,0.91093362722089655,-0.0045682052346772695,119,119,0,
"engine fixed (test, pools from train)",5,"ac370000, ac370442",0,0,0.90636542198621928,0.90679902368517928,-0.00043360169896000667,120,120,0,
"engine fixed (test, pools from train)",5,"ac370000, ac370442",0,1,0.90636542198621928,0.91984026449880685,-0.01347484251258757,120,119,0,
"engine fixed (test, pools from train)",6,"370407, ac370000, ac370419",0,0,0.90636542198621928,0.9156753071437338,-0.0093098851575145192,118,118,0,
"engine fixed (test, pools from train)",6,"370407, ac370000, ac370419",0,1,0.90636542198621928,0.89312035266507583,0.013245069321143443,118,118,0,
"engine fixed (test, pools from train)",7,"370407, ac370419",0,0,0.90636542198621928,0.9107106106488696,-0.0043451886626503233,118,117,0,
"engine fixed (test, pools from train)",7,"370407, ac370419",0,1,0.90636542198621928,0.90659084374301147,-0.0002254217567921879,118,118,0,
"engine fixed (test, pools from train)",8,"ac370442, ac370443",0,0,0.90636542198621928,0.90225407207900465,0.0041113499072146231,119,118,0,
"engine fixed (test, pools from train)",8,"ac370442, ac370443",0,1,0.90636542198621928,0.933279174102151,-0.026913752115931722,119,118,0,
"engine fixed (test, pools from train)",9,"ac370000, ac370419, ac370442",0,0,0.90636542198621928,0.89792274022662499,0.0084426817595942838,118,118,0,
"engine fixed (test, pools from train)",9,"ac370000, ac370419, ac370442",0,1,0.90636542198621928,0.89769473362329832,0.008670688362920953,118,118,0,
