itemset_id,itemset,fold,repeat,baseline,permuted,engine_importance,n_traces_with_itemset,n_traces_changed,n_traces_unchanged_infeasible,guard,original_importance,abs_diff
ac410100,ac410100,0,0,0.99668215424455731,0.96789841394356868,0.028783740300988625,277,250,0,,0.028783740300988625,0
ac410100,ac410100,0,1,0.99668215424455731,0.97122590365341266,0.025456250591144647,277,257,0,,0.025456250591144647,0
ac419100,ac419100,0,0,0.99668215424455731,0.95136994932811714,0.045312204916440169,583,492,0,,0.045312204916440169,0
ac419100,ac419100,0,1,0.99668215424455731,0.95035465017554643,0.046327504069010872,583,467,0,,0.046327504069010872,0
ac10107,ac10107,0,0,0.99668215424455731,0.98783456556337645,0.0088475886811808513,159,115,0,,0.0088475886811808513,0
ac10107,ac10107,0,1,0.99668215424455731,0.98339573135012182,0.01328642289443549,159,106,0,,0.01328642289443549,0
339486e,339486e,0,0,0.99668215424455731,0.98561623019707023,0.011065924047487075,74,67,0,,0.011065924047487075,0
339486e,339486e,0,1,0.99668215424455731,0.98782911785905936,0.0088530363854979477,74,69,0,,0.0088530363854979477,0
ac390520,ac390520,0,0,0.99668215424455731,0.99668215424455731,0,12,12,0,,0,0
ac390520,ac390520,0,1,0.99668215424455731,0.99668215424455731,0,12,11,0,,0,0
ac390003,ac390003,0,0,0.99668215424455731,0.99336283185840712,0.0033193223861501808,18,16,0,,0.0033193223861501808,0
ac390003,ac390003,0,1,0.99668215424455731,0.99336283185840712,0.0033193223861501808,18,17,0,,0.0033193223861501808,0
ac390550,ac390550,0,0,0.99668215424455731,0.99335982392001843,0.0033223303245388802,25,25,0,,0.0033223303245388802,0
ac390550,ac390550,0,1,0.99668215424455731,0.99335982392001843,0.0033223303245388802,25,22,0,,0.0033223303245388802,0
ac370000,ac370000,0,0,0.99668215424455731,0.92347185543130916,0.073210298813248142,636,620,0,,0.073210298813248142,0
ac370000,ac370000,0,1,0.99668215424455731,0.92771520406362928,0.068966950180928022,636,622,0,,0.068966950180928022,0
ac370403,ac370403,0,0,0.99668215424455731,0.94669362734602547,0.049988526898531838,492,472,0,,0.049988526898531838,0
ac370403,ac370403,0,1,0.99668215424455731,0.94998454432821489,0.04669760991634242,492,472,0,,0.04669760991634242,0
370407,370407,0,0,0.99668215424455731,0.93999791582805992,0.05668423841649739,538,519,0,,0.05668423841649739,0
370407,370407,0,1,0.99668215424455731,0.94218834512819827,0.054493809116359038,538,513,0,,0.054493809116359038,0
ac370419,ac370419,0,0,0.99668215424455731,0.94225142962486097,0.054430724619696336,531,515,0,,0.054430724619696336,0
ac370419,ac370419,0,1,0.99668215424455731,0.94106008946726682,0.055622064777290481,531,508,0,,0.055622064777290481,0
ac370442,ac370442,0,0,0.99668215424455731,0.95113582506719008,0.045546329177367229,512,493,0,,0.045546329177367229,0
ac370442,ac370442,0,1,0.99668215424455731,0.94891472620660777,0.047767428037949533,512,496,0,,0.047767428037949533,0
ac370443,ac370443,0,0,0.99668215424455731,0.94674944870228406,0.049932705542273248,517,498,0,,0.049932705542273248,0
ac370443,ac370443,0,1,0.99668215424455731,0.94331581690531019,0.053366337339247116,517,490,0,,0.053366337339247116,0
370712b,370712b,0,0,0.99668215424455731,0.94784539072971496,0.048836763514842341,495,472,0,,0.048836763514842341,0
370712b,370712b,0,1,0.99668215424455731,0.95338160826123652,0.043300545983320782,495,468,0,,0.043300545983320782,0
370715a,370715a,0,0,0.99668215424455731,0.95445523217110018,0.042226922073457129,491,472,0,,0.042226922073457129,0
370715a,370715a,0,1,0.99668215424455731,0.96224131937010138,0.034440834874455928,491,469,0,,0.034440834874455928,0
ac379999,ac379999,0,0,0.99668215424455731,0.94247787610619471,0.054204278138362594,300,293,0,,0.054204278138362594,0
ac379999,ac379999,0,1,0.99668215424455731,0.93698846889122345,0.059693685353333859,300,287,0,,0.059693685353333859,0
ac40014,ac40014,0,0,0.99668215424455731,0.95786469908315686,0.038817455161400449,210,205,0,,0.038817455161400449,0
ac40014,ac40014,0,1,0.99668215424455731,0.96446241823068379,0.032219736013873512,210,208,0,,0.032219736013873512,0
370111s,370111s,0,0,0.99668215424455731,0.99336283185840712,0.0033193223861501808,5,5,0,,0.0033193223861501808,0
370111s,370111s,0,1,0.99668215424455731,0.99336283185840712,0.0033193223861501808,5,5,0,,0.0033193223861501808,0
370504a,370504a,0,0,0.99668215424455731,0.98893303986669712,0.007749114377860189,30,30,0,,0.007749114377860189,0
370504a,370504a,0,1,0.99668215424455731,0.98893303986669712,0.007749114377860189,30,29,0,,0.007749114377860189,0
370505a,370505a,0,0,0.99668215424455731,0.99557717796118994,0.0011049762833673649,11,10,0,,0.0011049762833673649,0
370505a,370505a,0,1,0.99668215424455731,0.99668215424455731,0,11,11,0,,0,0
375138a,375138a,0,0,0.99668215424455731,0.99447267270975659,0.0022094815348007169,15,15,0,,0.0022094815348007169,0
375138a,375138a,0,1,0.99668215424455731,0.9933657669417848,0.0033163873027725055,15,15,0,,0.0033163873027725055,0
ac378149,ac378149,0,0,0.99668215424455731,0.99225489318303794,0.0044272610615193608,21,21,0,,0.0044272610615193608,0
ac378149,ac378149,0,1,0.99668215424455731,0.98893805309734517,0.0077441011472121346,21,20,0,,0.0077441011472121346,0
ac610001,ac610001,0,0,0.99668215424455731,0.98116395302947235,0.015518201215084959,79,78,0,,0.015518201215084959,0
ac610001,ac610001,0,1,0.99668215424455731,0.98227623550947774,0.01440591873507957,79,77,0,,0.01440591873507957,0
ac613000,ac613000,0,0,0.99668215424455731,0.98560287867970797,0.011079275564849334,64,63,0,,0.011079275564849334,0
ac613000,ac613000,0,1,0.99668215424455731,0.98228464756656553,0.014397506677991778,64,63,0,,0.014397506677991778,0
ac350503,ac350503,0,0,0.99668215424455731,0.99114643189335783,0.0055357223511994791,43,43,0,,0.0055357223511994791,0
ac350503,ac350503,0,1,0.99668215424455731,0.99114643189335783,0.0055357223511994791,43,39,0,,0.0055357223511994791,0
ac355111,ac355111,0,0,0.99668215424455731,0.98562266839308144,0.01105948585147587,92,87,0,,0.01105948585147587,0
ac355111,ac355111,0,1,0.99668215424455731,0.98452012286416457,0.012162031380392735,92,88,0,,0.012162031380392735,0
ac356132,ac356132,0,0,0.99668215424455731,0.99336283185840712,0.0033193223861501808,14,14,0,,0.0033193223861501808,0
ac356132,ac356132,0,1,0.99668215424455731,0.99336283185840712,0.0033193223861501808,14,12,0,,0.0033193223861501808,0
ac359999,ac359999,0,0,0.99668215424455731,0.98561623019707023,0.011065924047487075,52,49,0,,0.011065924047487075,0
ac359999,ac359999,0,1,0.99668215424455731,0.98561623019707023,0.011065924047487075,52,46,0,,0.011065924047487075,0
ac370401,ac370401,0,0,0.99668215424455731,0.95001184018779272,0.046670314056764584,456,446,0,,0.046670314056764584,0
ac370401,ac370401,0,1,0.99668215424455731,0.95225907785668951,0.044423076387867799,456,436,0,,0.044423076387867799,0
370401c,370401c,0,0,0.99668215424455731,0.95667692816275374,0.040005226081803569,481,466,0,,0.040005226081803569,0
370401c,370401c,0,1,0.99668215424455731,0.94998454432821489,0.04669760991634242,481,463,0,,0.04669760991634242,0
ac370402,ac370402,0,0,0.99668215424455731,0.95003856985002377,0.046643584394533533,473,462,0,,0.046643584394533533,0
ac370402,ac370402,0,1,0.99668215424455731,0.94669362734602547,0.049988526898531838,473,456,0,,0.049988526898531838,0
ac370423,ac370423,0,0,0.99668215424455731,0.95116168484510499,0.045520469399452312,480,474,0,,0.045520469399452312,0
ac370423,ac370423,0,1,0.99668215424455731,0.95113582506719008,0.045546329177367229,480,469,0,,0.045546329177367229,0
370488e,370488e,0,0,0.99668215424455731,0.95335692392777227,0.043325230316785035,491,480,0,,0.043325230316785035,0
370488e,370488e,0,1,0.99668215424455731,0.9523085475876274,0.044373606656929909,491,467,0,,0.044373606656929909,0
370488g,370488g,0,0,0.99668215424455731,0.94565392632078471,0.051028227923772596,490,478,0,,0.051028227923772596,0
370488g,370488g,0,1,0.99668215424455731,0.9500903404986798,0.046591813745877508,490,467,0,,0.046591813745877508,0
370488j,370488j,0,0,0.99668215424455731,0.95898376209593283,0.037698392148624471,473,466,0,,0.037698392148624471,0
370488j,370488j,0,1,0.99668215424455731,0.95786469908315686,0.038817455161400449,473,447,0,,0.038817455161400449,0
ac370604,ac370604,0,0,0.99668215424455731,0.95788561368500202,0.038796540559555281,442,425,0,,0.038796540559555281,0
ac370604,ac370604,0,1,0.99668215424455731,0.96118137594341779,0.035500778301139513,442,430,0,,0.035500778301139513,0
ac370606,ac370606,0,0,0.99668215424455731,0.96123851952229056,0.035443634722266748,440,422,0,,0.035443634722266748,0
ac370606,ac370606,0,1,0.99668215424455731,0.95906157825320004,0.037620575991357263,440,423,0,,0.037620575991357263,0
ac372417,ac372417,0,0,0.99668215424455731,0.96120085603669336,0.035481298207863943,477,454,0,,0.035481298207863943,0
ac372417,ac372417,0,1,0.99668215424455731,0.96010216033315987,0.036579993911397435,477,449,0,,0.036579993911397435,0
376400,376400,0,0,0.99668215424455731,0.97891622178435278,0.017765932460204525,275,264,0,,0.017765932460204525,0
376400,376400,0,1,0.99668215424455731,0.97780076583868414,0.018881388405873167,275,255,0,,0.018881388405873167,0
376480a,376480a,0,0,0.99668215424455731,0.97785580945820694,0.018826344786350369,217,211,0,,0.018826344786350369,0
376480a,376480a,0,1,0.99668215424455731,0.97452816997179093,0.02215398427276638,217,202,0,,0.02215398427276638,0
377498a,377498a,0,0,0.99668215424455731,0.95566906703684418,0.041013087207713128,449,421,0,,0.041013087207713128,0
377498a,377498a,0,1,0.99668215424455731,0.95564705166648078,0.041035102578076521,449,399,0,,0.041035102578076521,0
378453a,378453a,0,0,0.99668215424455731,0.96010216033315987,0.036579993911397435,453,422,0,,0.036579993911397435,0
378453a,378453a,0,1,0.99668215424455731,0.95898376209593283,0.037698392148624471,453,428,0,,0.037698392148624471,0
ac378607,ac378607,0,0,0.99668215424455731,0.96568451145691825,0.030997642787639057,429,415,0,,0.030997642787639057,0
ac378607,ac378607,0,1,0.99668215424455731,0.97009828648862406,0.026583867755933244,429,404,0,,0.026583867755933244,0
ac10307,ac10307,0,0,0.99668215424455731,0.99002797513324992,0.00665417911130739,117,101,0,,0.00665417911130739,0
ac10307,ac10307,0,1,0.99668215424455731,0.99113811775473892,0.0055440364898183825,117,95,0,,0.0055440364898183825,0
ac411100,ac411100,0,0,0.99668215424455731,0.95670009387002064,0.039982060374536665,416,372,0,,0.039982060374536665,0
ac411100,ac411100,0,1,0.99668215424455731,0.95894211610637126,0.037740038138186049,416,364,0,,0.037740038138186049,0
ac415100,ac415100,0,0,0.99668215424455731,0.97118489357394888,0.025497260670608424,207,195,0,,0.025497260670608424,0
ac415100,ac415100,0,1,0.99668215424455731,0.96460176991150437,0.032080384333052936,207,187,0,,0.032080384333052936,0
330001b,330001b,0,0,0.99668215424455731,0.98893303986669712,0.007749114377860189,79,72,0,,0.007749114377860189,0
330001b,330001b,0,1,0.99668215424455731,0.98671964784003663,0.0099625064045206768,79,76,0,,0.0099625064045206768,0
ac370111,ac370111,0,0,0.99668215424455731,0.99225134129672332,0.0044308129478339842,14,13,0,,0.0044308129478339842,0
ac370111,ac370111,0,1,0.99668215424455731,0.99335982392001843,0.0033223303245388802,14,14,0,,0.0033223303245388802,0
ac387090,ac387090,0,0,0.99668215424455731,0.98783456556337645,0.0088475886811808513,87,85,0,,0.0088475886811808513,0
ac387090,ac387090,0,1,0.99668215424455731,0.98452680205894638,0.012155352185610924,87,83,0,,0.012155352185610924,0
370828a,370828a,0,0,0.99668215424455731,0.99668215424455731,0,9,9,0,,0,0
370828a,370828a,0,1,0.99668215424455731,0.99557717796118994,0.0011049762833673649,9,6,0,,0.0011049762833673649,0
ac370711,ac370711,0,0,0.99668215424455731,0.98673725890766828,0.0099448953368890258,71,69,0,,0.0099448953368890258,0
ac370711,ac370711,0,1,0.99668215424455731,0.98233103432433833,0.01435111992021898,71,63,0,,0.01435111992021898,0
ac410500,ac410500,0,0,0.99668215424455731,0.99447025707426195,0.0022118971702953516,21,20,0,,0.0022118971702953516,0
ac410500,ac410500,0,1,0.99668215424455731,0.99557522123893805,0.0011069330056192594,21,21,0,,0.0011069330056192594,0
ac337220,ac337220,0,0,0.99668215424455731,0.99668215424455731,0,6,6,0,,0,0
ac337220,ac337220,0,1,0.99668215424455731,0.99668215424455731,0,6,6,0,,0,0
ac356133,ac356133,0,0,0.99668215424455731,0.99447025707426195,0.0022118971702953516,9,8,0,,0.0022118971702953516,0
ac356133,ac356133,0,1,0.99668215424455731,0.9933657669417848,0.0033163873027725055,9,9,0,,0.0033163873027725055,0
ac356134,ac356134,0,0,0.99668215424455731,0.98782353632342268,0.0088586179211346261,100,98,0,,0.0088586179211346261,0
ac356134,ac356134,0,1,0.99668215424455731,0.98782353632342268,0.0088586179211346261,100,96,0,,0.0088586179211346261,0
ac386002,ac386002,0,0,0.99668215424455731,0.97677507971190081,0.019907074532656499,174,168,0,,0.019907074532656499,0
ac386002,ac386002,0,1,0.99668215424455731,0.97677507971190081,0.019907074532656499,174,168,0,,0.019907074532656499,0
387042a,387042a,0,0,0.99668215424455731,0.98670072011105325,0.0099814341335040524,60,54,0,,0.0099814341335040524,0
387042a,387042a,0,1,0.99668215424455731,0.98448417346289552,0.012197980781661788,60,54,0,,0.012197980781661788,0
ac614400,ac614400,0,0,0.99668215424455731,0.99115435592237977,0.0055277983221775351,35,33,0,,0.0055277983221775351,0
ac614400,ac614400,0,1,0.99668215424455731,0.99225835990396671,0.0044237943405905922,35,31,0,,0.0044237943405905922,0
337190c,337190c,0,0,0.99668215424455731,0.99335982392001843,0.0033223303245388802,7,7,0,,0.0033223303245388802,0
337190c,337190c,0,1,0.99668215424455731,0.99335982392001843,0.0033223303245388802,7,6,0,,0.0033223303245388802,0
other,other,0,0,0.99668215424455731,0.97003884148302777,0.026643312761529536,123,115,0,,0.026643312761529536,0
other,other,0,1,0.99668215424455731,0.97003884148302777,0.026643312761529536,123,119,0,,0.026643312761529536,0
ac378452,ac378452,0,0,0.99668215424455731,0.98892790472910341,0.0077542495154538926,20,18,0,,0.0077542495154538926,0
ac378452,ac378452,0,1,0.99668215424455731,0.98892790472910341,0.0077542495154538926,20,18,0,,0.0077542495154538926,0
ac386041,ac386041,0,0,0.99668215424455731,0.99557522123893805,0.0011069330056192594,5,5,0,,0.0011069330056192594,0
ac386041,ac386041,0,1,0.99668215424455731,0.99557522123893805,0.0011069330056192594,5,5,0,,0.0011069330056192594,0
ac370701,ac370701,0,0,0.99668215424455731,0.97341435326421633,0.02326780098034098,114,113,0,,0.02326780098034098,0
ac370701,ac370701,0,1,0.99668215424455731,0.97228632574049512,0.024395828504062189,114,110,0,,0.024395828504062189,0
370737c,370737c,0,0,0.99668215424455731,0.99114643189335783,0.0055357223511994791,28,28,0,,0.0055357223511994791,0
370737c,370737c,0,1,0.99668215424455731,0.99225134129672332,0.0044308129478339842,28,25,0,,0.0044308129478339842,0
ac380000,ac380000,0,0,0.99668215424455731,0.99668215424455731,0,2,2,0,fewer_than_3_cases,0,0
ac380000,ac380000,0,1,0.99668215424455731,0.99668215424455731,0,2,2,0,fewer_than_3_cases,0,0
370501,370501,0,0,0.99668215424455731,0.99335982392001843,0.0033223303245388802,12,12,0,,0.0033223303245388802,0
370501,370501,0,1,0.99668215424455731,0.99225489318303794,0.0044272610615193608,12,11,0,,0.0044272610615193608,0
ac355427,ac355427,0,0,0.99668215424455731,0.99336283185840712,0.0033193223861501808,30,25,0,,0.0033193223861501808,0
ac355427,ac355427,0,1,0.99668215424455731,0.99447025707426195,0.0022118971702953516,30,25,0,,0.0022118971702953516,0
302211,302211,0,0,0.99668215424455731,0.99668215424455731,0,15,14,0,,0,0
302211,302211,0,1,0.99668215424455731,0.99557717796118994,0.0011049762833673649,15,12,0,,0.0011049762833673649,0
302213e,302213e,0,0,0.99668215424455731,0.99668215424455731,0,14,14,0,,0,0
302213e,302213e,0,1,0.99668215424455731,0.99668215424455731,0,14,13,0,,0,0
302282,302282,0,0,0.99668215424455731,0.99668215424455731,0,12,11,0,,0,0
302282,302282,0,1,0.99668215424455731,0.99668215424455731,0,12,11,0,,0,0
ac386042,ac386042,0,0,0.99668215424455731,0.99446778084502707,0.0022143733995302339,11,11,0,,0.0022143733995302339,0
ac386042,ac386042,0,1,0.99668215424455731,0.99446778084502707,0.0022143733995302339,11,11,0,,0.0022143733995302339,0
339171a,339171a,0,0,0.99668215424455731,0.99668215424455731,0,4,4,0,,0,0
339171a,339171a,0,1,0.99668215424455731,0.99668215424455731,0,4,4,0,,0,0
339488a,339488a,0,0,0.99668215424455731,0.99668215424455731,0,2,2,0,fewer_than_3_cases,0,0
339488a,339488a,0,1,0.99668215424455731,0.99668215424455731,0,2,2,0,fewer_than_3_cases,0,0
ac339160,ac339160,0,0,0.99668215424455731,0.99557522123893805,0.0011069330056192594,11,11,0,,0.0011069330056192594,0
ac339160,ac339160,0,1,0.99668215424455731,0.99557522123893805,0.0011069330056192594,11,11,0,,0.0011069330056192594,0
339988e,339988e,0,0,0.99668215424455731,0.9933657669417848,0.0033163873027725055,22,20,0,,0.0033163873027725055,0
339988e,339988e,0,1,0.99668215424455731,0.9933657669417848,0.0033163873027725055,22,20,0,,0.0033163873027725055,0
375003a,375003a,0,0,0.99668215424455731,0.99557522123893805,0.0011069330056192594,18,17,0,,0.0011069330056192594,0
375003a,375003a,0,1,0.99668215424455731,0.99557522123893805,0.0011069330056192594,18,16,0,,0.0011069330056192594,0
ac375004,ac375004,0,0,0.99668215424455731,0.99447025707426195,0.0022118971702953516,16,15,0,,0.0022118971702953516,0
ac375004,ac375004,0,1,0.99668215424455731,0.99557522123893805,0.0011069330056192594,16,16,0,,0.0011069330056192594,0
ac40016,ac40016,0,0,0.99668215424455731,0.99115044247787609,0.0055317117666812132,30,29,0,,0.0055317117666812132,0
ac40016,ac40016,0,1,0.99668215424455731,0.99004646273367181,0.0066356915108854997,30,28,0,,0.0066356915108854997,0
ac355201,ac355201,0,0,0.99668215424455731,0.99003743881007289,0.0066447154344844161,68,64,0,,0.0066447154344844161,0
ac355201,ac355201,0,1,0.99668215424455731,0.99003743881007289,0.0066447154344844161,68,62,0,,0.0066447154344844161,0
ac413461,ac413461,0,0,0.99668215424455731,0.99668215424455731,0,0,0,0,one_allowed_position,0,0
ac413461,ac413461,0,1,0.99668215424455731,0.99668215424455731,0,0,0,0,one_allowed_position,0,0
ac375005,ac375005,0,0,0.99668215424455731,0.99557522123893805,0.0011069330056192594,10,10,0,,0.0011069330056192594,0
ac375005,ac375005,0,1,0.99668215424455731,0.99557522123893805,0.0011069330056192594,10,9,0,,0.0011069330056192594,0
378609k,378609k,0,0,0.99668215424455731,0.99557522123893805,0.0011069330056192594,10,10,0,,0.0011069330056192594,0
378609k,378609k,0,1,0.99668215424455731,0.99557522123893805,0.0011069330056192594,10,8,0,,0.0011069330056192594,0
378609s,378609s,0,0,0.99668215424455731,0.99668215424455731,0,8,7,0,,0,0
378609s,378609s,0,1,0.99668215424455731,0.99668215424455731,0,8,8,0,,0,0
ac337480,ac337480,0,0,0.99668215424455731,0.99668215424455731,0,3,3,0,,0,0
ac337480,ac337480,0,1,0.99668215424455731,0.99668215424455731,0,3,3,0,,0,0
ac372441,ac372441,0,0,0.99668215424455731,0.99447025707426195,0.0022118971702953516,13,12,0,,0.0022118971702953516,0
ac372441,ac372441,0,1,0.99668215424455731,0.99447025707426195,0.0022118971702953516,13,11,0,,0.0022118971702953516,0
ac376406,ac376406,0,0,0.99668215424455731,0.99557717796118994,0.0011049762833673649,9,8,0,,0.0011049762833673649,0
ac376406,ac376406,0,1,0.99668215424455731,0.99557717796118994,0.0011049762833673649,9,9,0,,0.0011049762833673649,0
ac380077,ac380077,0,0,0.99668215424455731,0.99668215424455731,0,2,1,0,fewer_than_3_cases,0,0
ac380077,ac380077,0,1,0.99668215424455731,0.99668215424455731,0,2,1,0,fewer_than_3_cases,0,0
ac387070,ac387070,0,0,0.99668215424455731,0.99557522123893805,0.0011069330056192594,6,6,0,,0.0011069330056192594,0
ac387070,ac387070,0,1,0.99668215424455731,0.99446778084502707,0.0022143733995302339,6,5,0,,0.0022143733995302339,0
ac355401,ac355401,0,0,0.99668215424455731,0.99446778084502707,0.0022143733995302339,9,8,0,,0.0022143733995302339,0
ac355401,ac355401,0,1,0.99668215424455731,0.99446778084502707,0.0022143733995302339,9,8,0,,0.0022143733995302339,0
ac350507,ac350507,0,0,0.99668215424455731,0.99668215424455731,0,6,6,0,,0,0
ac350507,ac350507,0,1,0.99668215424455731,0.99668215424455731,0,6,4,0,,0,0
ac355409,ac355409,0,0,0.99668215424455731,0.99557522123893805,0.0011069330056192594,9,8,0,,0.0011069330056192594,0
ac355409,ac355409,0,1,0.99668215424455731,0.99557522123893805,0.0011069330056192594,9,9,0,,0.0011069330056192594,0
370480a,370480a,0,0,0.99668215424455731,0.99336283185840712,0.0033193223861501808,10,10,0,,0.0033193223861501808,0
370480a,370480a,0,1,0.99668215424455731,0.99557522123893805,0.0011069330056192594,10,10,0,,0.0011069330056192594,0
ac378858,ac378858,0,0,0.99668215424455731,0.99447025707426195,0.0022118971702953516,12,12,0,,0.0022118971702953516,0
ac378858,ac378858,0,1,0.99668215424455731,0.99447025707426195,0.0022118971702953516,12,10,0,,0.0022118971702953516,0
ac619600,ac619600,0,0,0.99668215424455731,0.99115044247787609,0.0055317117666812132,22,22,0,,0.0055317117666812132,0
ac619600,ac619600,0,1,0.99668215424455731,0.99115044247787609,0.0055317117666812132,22,22,0,,0.0055317117666812132,0
ac375075,ac375075,0,0,0.99668215424455731,0.99446778084502707,0.0022143733995302339,9,9,0,,0.0022143733995302339,0
ac375075,ac375075,0,1,0.99668215424455731,0.99446778084502707,0.0022143733995302339,9,9,0,,0.0022143733995302339,0
ac378720,ac378720,0,0,0.99668215424455731,0.99447025707426195,0.0022118971702953516,11,11,0,,0.0022118971702953516,0
ac378720,ac378720,0,1,0.99668215424455731,0.99447025707426195,0.0022118971702953516,11,8,0,,0.0022118971702953516,0
ac370421,ac370421,0,0,0.99668215424455731,0.99446778084502707,0.0022143733995302339,16,15,0,,0.0022143733995302339,0
ac370421,ac370421,0,1,0.99668215424455731,0.99446778084502707,0.0022143733995302339,16,14,0,,0.0022143733995302339,0
376425a,376425a,0,0,0.99668215424455731,0.99668215424455731,0,8,8,0,,0,0
376425a,376425a,0,1,0.99668215424455731,0.99557717796118994,0.0011049762833673649,8,7,0,,0.0011049762833673649,0
370419s,370419s,0,0,0.99668215424455731,0.99003276216287472,0.0066493920816825813,28,26,0,,0.0066493920816825813,0
370419s,370419s,0,1,0.99668215424455731,0.99003276216287472,0.0066493920816825813,28,26,0,,0.0066493920816825813,0
370701s,370701s,0,0,0.99668215424455731,0.98781782042129129,0.0088643338232660129,39,38,0,,0.0088643338232660129,0
370701s,370701s,0,1,0.99668215424455731,0.98781782042129129,0.0088643338232660129,39,38,0,,0.0088643338232660129,0
370715s,370715s,0,0,0.99668215424455731,0.99225134129672332,0.0044308129478339842,26,24,0,,0.0044308129478339842,0
370715s,370715s,0,1,0.99668215424455731,0.99225134129672332,0.0044308129478339842,26,25,0,,0.0044308129478339842,0
377121s,377121s,0,0,0.99668215424455731,0.99003276216287472,0.0066493920816825813,27,26,0,,0.0066493920816825813,0
377121s,377121s,0,1,0.99668215424455731,0.98892264719342371,0.0077595070511335962,27,27,0,,0.0077595070511335962,0
ac372439,ac372439,0,0,0.99668215424455731,0.99447025707426195,0.0022118971702953516,16,16,0,,0.0022118971702953516,0
ac372439,ac372439,0,1,0.99668215424455731,0.99447025707426195,0.0022118971702953516,16,14,0,,0.0022118971702953516,0
372440a,372440a,0,0,0.99668215424455731,0.99336283185840712,0.0033193223861501808,15,14,0,,0.0033193223861501808,0
372440a,372440a,0,1,0.99668215424455731,0.99447025707426195,0.0022118971702953516,15,14,0,,0.0022118971702953516,0
ac370420,ac370420,0,0,0.99668215424455731,0.99335982392001843,0.0033223303245388802,6,6,0,,0.0033223303245388802,0
ac370420,ac370420,0,1,0.99668215424455731,0.99446778084502707,0.0022143733995302339,6,6,0,,0.0022143733995302339,0
ac388170,ac388170,0,0,0.99668215424455731,0.99668215424455731,0,2,2,0,fewer_than_3_cases,0,0
ac388170,ac388170,0,1,0.99668215424455731,0.99668215424455731,0,2,1,0,fewer_than_3_cases,0,0
ac378729,ac378729,0,0,0.99668215424455731,0.99447025707426195,0.0022118971702953516,6,5,0,,0.0022118971702953516,0
ac378729,ac378729,0,1,0.99668215424455731,0.99447025707426195,0.0022118971702953516,6,6,0,,0.0022118971702953516,0
379000a,379000a,0,0,0.99668215424455731,0.99557717796118994,0.0011049762833673649,3,3,0,,0.0011049762833673649,0
379000a,379000a,0,1,0.99668215424455731,0.99557717796118994,0.0011049762833673649,3,1,0,,0.0011049762833673649,0
370403s,370403s,0,0,0.99668215424455731,0.99114232378328282,0.0055398304612744864,16,15,0,,0.0055398304612744864,0
370403s,370403s,0,1,0.99668215424455731,0.99114232378328282,0.0055398304612744864,16,16,0,,0.0055398304612744864,0
370423t,370423t,0,0,0.99668215424455731,0.99335982392001843,0.0033223303245388802,14,14,0,,0.0033223303245388802,0
370423t,370423t,0,1,0.99668215424455731,0.99225134129672332,0.0044308129478339842,14,12,0,,0.0044308129478339842,0
370426s,370426s,0,0,0.99668215424455731,0.99225134129672332,0.0044308129478339842,12,12,0,,0.0044308129478339842,0
370426s,370426s,0,1,0.99668215424455731,0.99225134129672332,0.0044308129478339842,12,7,0,,0.0044308129478339842,0
370442s,370442s,0,0,0.99668215424455731,0.98892264719342371,0.0077595070511335962,29,29,0,,0.0077595070511335962,0
370442s,370442s,0,1,0.99668215424455731,0.98781196960730577,0.0088701846372515325,29,27,0,,0.0088701846372515325,0
370443s,370443s,0,0,0.99668215424455731,0.98781196960730577,0.0088701846372515325,28,28,0,,0.0088701846372515325,0
370443s,370443s,0,1,0.99668215424455731,0.98781196960730577,0.0088701846372515325,28,28,0,,0.0088701846372515325,0
370488s,370488s,0,0,0.99668215424455731,0.99335982392001843,0.0033223303245388802,14,13,0,,0.0033223303245388802,0
370488s,370488s,0,1,0.99668215424455731,0.99446778084502707,0.0022143733995302339,14,14,0,,0.0022143733995302339,0
370489s,370489s,0,0,0.99668215424455731,0.99335982392001843,0.0033223303245388802,16,16,0,,0.0033223303245388802,0
370489s,370489s,0,1,0.99668215424455731,0.99335982392001843,0.0033223303245388802,16,14,0,,0.0033223303245388802,0
370401s,370401s,0,0,0.99668215424455731,0.99335982392001843,0.0033223303245388802,14,14,0,,0.0033223303245388802,0
370401s,370401s,0,1,0.99668215424455731,0.99335982392001843,0.0033223303245388802,14,13,0,,0.0033223303245388802,0
370466c,370466c,0,0,0.99668215424455731,0.99447025707426195,0.0022118971702953516,11,11,0,,0.0022118971702953516,0
370466c,370466c,0,1,0.99668215424455731,0.99447025707426195,0.0022118971702953516,11,11,0,,0.0022118971702953516,0
370711s,370711s,0,0,0.99668215424455731,0.99114232378328282,0.0055398304612744864,9,9,0,,0.0055398304612744864,0
370711s,370711s,0,1,0.99668215424455731,0.99114232378328282,0.0055398304612744864,9,9,0,,0.0055398304612744864,0
378858s,378858s,0,0,0.99668215424455731,0.99668215424455731,0,2,2,0,fewer_than_3_cases,0,0
378858s,378858s,0,1,0.99668215424455731,0.99668215424455731,0,2,2,0,fewer_than_3_cases,0,0
ac390001,ac390001,0,0,0.99668215424455731,0.99668215424455731,0,3,2,0,,0,0
ac390001,ac390001,0,1,0.99668215424455731,0.99668215424455731,0,3,3,0,,0,0
370402s,370402s,0,0,0.99668215424455731,0.99003743881007289,0.0066447154344844161,12,12,0,,0.0066447154344844161,0
370402s,370402s,0,1,0.99668215424455731,0.99335982392001843,0.0033223303245388802,12,11,0,,0.0033223303245388802,0
378452s,378452s,0,0,0.99668215424455731,0.99225489318303794,0.0044272610615193608,7,5,0,,0.0044272610615193608,0
378452s,378452s,0,1,0.99668215424455731,0.99336283185840712,0.0033193223861501808,7,5,0,,0.0033193223861501808,0
378609r,378609r,0,0,0.99668215424455731,0.99668215424455731,0,0,0,0,one_allowed_position,0,0
378609r,378609r,0,1,0.99668215424455731,0.99668215424455731,0,0,0,0,one_allowed_position,0,0
ac378449,ac378449,0,0,0.99668215424455731,0.99557522123893805,0.0011069330056192594,20,19,0,,0.0011069330056192594,0
ac378449,ac378449,0,1,0.99668215424455731,0.99447025707426195,0.0022118971702953516,20,18,0,,0.0022118971702953516,0
ac375518,ac375518,0,0,0.99668215424455731,0.99668215424455731,0,6,6,0,,0,0
ac375518,ac375518,0,1,0.99668215424455731,0.99668215424455731,0,6,4,0,,0,0
ac612000,ac612000,0,0,0.99668215424455731,0.99557717796118994,0.0011049762833673649,9,9,0,,0.0011049762833673649,0
ac612000,ac612000,0,1,0.99668215424455731,0.99668215424455731,0,9,9,0,,0,0
ac389190,ac389190,0,0,0.99668215424455731,0.99668215424455731,0,12,12,0,,0,0
ac389190,ac389190,0,1,0.99668215424455731,0.99668215424455731,0,12,10,0,,0,0
ac378431,ac378431,0,0,0.99668215424455731,0.99557522123893805,0.0011069330056192594,14,13,0,,0.0011069330056192594,0
ac378431,ac378431,0,1,0.99668215424455731,0.99446778084502707,0.0022143733995302339,14,13,0,,0.0022143733995302339,0
ac378546,ac378546,0,0,0.99668215424455731,0.99557321594667891,0.0011089382978783924,6,5,0,,0.0011089382978783924,0
ac378546,ac378546,0,1,0.99668215424455731,0.99557321594667891,0.0011089382978783924,6,6,0,,0.0011089382978783924,0
ac337441,ac337441,0,0,0.99668215424455731,0.99668215424455731,0,2,2,0,fewer_than_3_cases,0,0
ac337441,ac337441,0,1,0.99668215424455731,0.99668215424455731,0,2,1,0,fewer_than_3_cases,0,0
ac370424,ac370424,0,0,0.99668215424455731,0.99557522123893805,0.0011069330056192594,3,3,0,,0.0011069330056192594,0
ac370424,ac370424,0,1,0.99668215424455731,0.99557522123893805,0.0011069330056192594,3,3,0,,0.0011069330056192594,0
ac372414,ac372414,0,0,0.99668215424455731,0.99668215424455731,0,1,1,0,fewer_than_3_cases,0,0
ac372414,ac372414,0,1,0.99668215424455731,0.99668215424455731,0,1,1,0,fewer_than_3_cases,0,0
ac378458,ac378458,0,0,0.99668215424455731,0.99668215424455731,0,1,1,0,fewer_than_3_cases,0,0
ac378458,ac378458,0,1,0.99668215424455731,0.99668215424455731,0,1,0,0,fewer_than_3_cases,0,0
ac10207,ac10207,0,0,0.99668215424455731,0.99335982392001843,0.0033223303245388802,10,10,0,,0.0033223303245388802,0
ac10207,ac10207,0,1,0.99668215424455731,0.99335982392001843,0.0033223303245388802,10,7,0,,0.0033223303245388802,0
376487,376487,0,0,0.99668215424455731,0.99557717796118994,0.0011049762833673649,8,8,0,,0.0011049762833673649,0
376487,376487,0,1,0.99668215424455731,0.99557717796118994,0.0011049762833673649,8,8,0,,0.0011049762833673649,0
ac386902,ac386902,0,0,0.99668215424455731,0.99446778084502707,0.0022143733995302339,18,16,0,,0.0022143733995302339,0
ac386902,ac386902,0,1,0.99668215424455731,0.99446778084502707,0.0022143733995302339,18,17,0,,0.0022143733995302339,0
ac10113,ac10113,0,0,0.99668215424455731,0.99446778084502707,0.0022143733995302339,13,11,0,,0.0022143733995302339,0
ac10113,ac10113,0,1,0.99668215424455731,0.99446778084502707,0.0022143733995302339,13,13,0,,0.0022143733995302339,0
ac10213,ac10213,0,0,0.99668215424455731,0.99668215424455731,0,0,0,0,one_allowed_position,0,0
ac10213,ac10213,0,1,0.99668215424455731,0.99668215424455731,0,0,0,0,one_allowed_position,0,0
ac370415,ac370415,0,0,0.99668215424455731,0.99446778084502707,0.0022143733995302339,9,8,0,,0.0022143733995302339,0
ac370415,ac370415,0,1,0.99668215424455731,0.99446778084502707,0.0022143733995302339,9,9,0,,0.0022143733995302339,0
370465q,370465q,0,0,0.99668215424455731,0.99668215424455731,0,4,4,0,,0,0
370465q,370465q,0,1,0.99668215424455731,0.99668215424455731,0,4,4,0,,0,0
370420s,370420s,0,0,0.99668215424455731,0.99557522123893805,0.0011069330056192594,4,4,0,,0.0011069330056192594,0
370420s,370420s,0,1,0.99668215424455731,0.99557522123893805,0.0011069330056192594,4,1,0,,0.0011069330056192594,0
372417s,372417s,0,0,0.99668215424455731,0.99446778084502707,0.0022143733995302339,10,9,0,,0.0022143733995302339,0
372417s,372417s,0,1,0.99668215424455731,0.99446778084502707,0.0022143733995302339,10,9,0,,0.0022143733995302339,0
ac387001,ac387001,0,0,0.99668215424455731,0.99668215424455731,0,2,2,0,fewer_than_3_cases,0,0
ac387001,ac387001,0,1,0.99668215424455731,0.99668215424455731,0,2,2,0,fewer_than_3_cases,0,0
ac339956,ac339956,0,0,0.99668215424455731,0.99557522123893805,0.0011069330056192594,3,3,0,,0.0011069330056192594,0
ac339956,ac339956,0,1,0.99668215424455731,0.99557522123893805,0.0011069330056192594,3,2,0,,0.0011069330056192594,0
ac710170,ac710170,0,0,0.99668215424455731,0.99557522123893805,0.0011069330056192594,4,4,0,,0.0011069330056192594,0
ac710170,ac710170,0,1,0.99668215424455731,0.99557522123893805,0.0011069330056192594,4,4,0,,0.0011069330056192594,0
ac709999,ac709999,0,0,0.99668215424455731,0.99668215424455731,0,2,2,0,fewer_than_3_cases,0,0
ac709999,ac709999,0,1,0.99668215424455731,0.99668215424455731,0,2,2,0,fewer_than_3_cases,0,0
ac390183,ac390183,0,0,0.99668215424455731,0.99668215424455731,0,4,4,0,,0,0
ac390183,ac390183,0,1,0.99668215424455731,0.99668215424455731,0,4,3,0,,0,0
370488t,370488t,0,0,0.99668215424455731,0.99557522123893805,0.0011069330056192594,10,10,0,,0.0011069330056192594,0
370488t,370488t,0,1,0.99668215424455731,0.99557522123893805,0.0011069330056192594,10,9,0,,0.0011069330056192594,0
ac20189,ac20189,0,0,0.99668215424455731,0.99668215424455731,0,3,2,0,,0,0
ac20189,ac20189,0,1,0.99668215424455731,0.99668215424455731,0,3,2,0,,0,0
370421s,370421s,0,0,0.99668215424455731,0.99668215424455731,0,3,3,0,,0,0
370421s,370421s,0,1,0.99668215424455731,0.99668215424455731,0,3,2,0,,0,0
370737s,370737s,0,0,0.99668215424455731,0.99668215424455731,0,3,2,0,,0,0
370737s,370737s,0,1,0.99668215424455731,0.99668215424455731,0,3,1,0,,0,0
370737z,370737z,0,0,0.99668215424455731,0.99668215424455731,0,5,5,0,,0,0
370737z,370737z,0,1,0.99668215424455731,0.99668215424455731,0,5,5,0,,0,0
378453s,378453s,0,0,0.99668215424455731,0.99557522123893805,0.0011069330056192594,7,6,0,,0.0011069330056192594,0
378453s,378453s,0,1,0.99668215424455731,0.99446778084502707,0.0022143733995302339,7,4,0,,0.0022143733995302339,0
ac390004,ac390004,0,0,0.99668215424455731,0.99557522123893805,0.0011069330056192594,3,3,0,,0.0011069330056192594,0
ac390004,ac390004,0,1,0.99668215424455731,0.99557522123893805,0.0011069330056192594,3,3,0,,0.0011069330056192594,0
339099b,339099b,0,0,0.99668215424455731,0.99668215424455731,0,1,1,0,fewer_than_3_cases,0,0
339099b,339099b,0,1,0.99668215424455731,0.99668215424455731,0,1,1,0,fewer_than_3_cases,0,0
337419c,337419c,0,0,0.99668215424455731,0.99668215424455731,0,3,3,0,,0,0
337419c,337419c,0,1,0.99668215424455731,0.99668215424455731,0,3,2,0,,0,0
370407c,370407c,0,0,0.99668215424455731,0.99668215424455731,0,0,0,0,fewer_than_3_cases,0,0
370407c,370407c,0,1,0.99668215424455731,0.99668215424455731,0,0,0,0,fewer_than_3_cases,0,0
ac686405,ac686405,0,0,0.99668215424455731,0.99668215424455731,0,0,0,0,fewer_than_3_cases,0,0
ac686405,ac686405,0,1,0.99668215424455731,0.99668215424455731,0,0,0,0,fewer_than_3_cases,0,0
370707s,370707s,0,0,0.99668215424455731,0.99668215424455731,0,2,2,0,fewer_than_3_cases,0,0
370707s,370707s,0,1,0.99668215424455731,0.99668215424455731,0,2,0,0,fewer_than_3_cases,0,0
ac370416,ac370416,0,0,0.99668215424455731,0.99668215424455731,0,2,2,0,fewer_than_3_cases,0,0
ac370416,ac370416,0,1,0.99668215424455731,0.99668215424455731,0,2,1,0,fewer_than_3_cases,0,0
ac370437,ac370437,0,0,0.99668215424455731,0.99668215424455731,0,3,2,0,,0,0
ac370437,ac370437,0,1,0.99668215424455731,0.99668215424455731,0,3,1,0,,0,0
ac393628,ac393628,0,0,0.99668215424455731,0.99668215424455731,0,0,0,0,one_allowed_position,0,0
ac393628,ac393628,0,1,0.99668215424455731,0.99668215424455731,0,0,0,0,one_allowed_position,0,0
ac413489,ac413489,0,0,0.99668215424455731,0.99668215424455731,0,2,2,0,fewer_than_3_cases,0,0
ac413489,ac413489,0,1,0.99668215424455731,0.99668215424455731,0,2,1,0,fewer_than_3_cases,0,0
ac370716,ac370716,0,0,0.99668215424455731,0.99668215424455731,0,0,0,0,fewer_than_3_cases,0,0
ac370716,ac370716,0,1,0.99668215424455731,0.99668215424455731,0,0,0,0,fewer_than_3_cases,0,0
