itemset_id,variant,itemset,mean,std_between_seeds,ci95_low,ci95_high,share_of_values_above_zero,rank
0,faithful_train,"370407, ac370000",0.062455,0.005996,0.058166,0.066744,1.000000,7
1,faithful_train,"ac370000, ac370419",0.068650,0.007384,0.063367,0.073932,1.000000,1
2,faithful_train,"ac370000, ac370443",0.063643,0.007144,0.058533,0.068753,1.000000,4
3,faithful_train,"ac370000, ac370419, ac370443",0.063357,0.008121,0.057547,0.069166,1.000000,5
4,faithful_train,"ac370419, ac370443",0.061630,0.007947,0.055945,0.067315,1.000000,8
5,faithful_train,"ac370000, ac370442",0.060661,0.007344,0.055408,0.065915,1.000000,10
6,faithful_train,"370407, ac370000, ac370419",0.063773,0.007835,0.058168,0.069377,1.000000,2
7,faithful_train,"370407, ac370419",0.062645,0.007091,0.057573,0.067718,1.000000,6
8,faithful_train,"ac370442, ac370443",0.061366,0.008135,0.055547,0.067185,1.000000,9
9,faithful_train,"ac370000, ac370419, ac370442",0.063727,0.007568,0.058313,0.069141,1.000000,3
0,fixed_train,"370407, ac370000",0.038616,0.001151,0.037792,0.039439,1.000000,4
1,fixed_train,"ac370000, ac370419",0.035005,0.000921,0.034346,0.035664,1.000000,5
2,fixed_train,"ac370000, ac370443",0.033183,0.001035,0.032442,0.033923,1.000000,7
3,fixed_train,"ac370000, ac370419, ac370443",0.038652,0.001035,0.037912,0.039392,1.000000,3
4,fixed_train,"ac370419, ac370443",0.022803,0.000445,0.022484,0.023122,1.000000,9
5,fixed_train,"ac370000, ac370442",0.034243,0.001216,0.033373,0.035113,1.000000,6
6,fixed_train,"370407, ac370000, ac370419",0.041546,0.001204,0.040685,0.042407,1.000000,1
7,fixed_train,"370407, ac370419",0.026012,0.000669,0.025534,0.026491,1.000000,8
8,fixed_train,"ac370442, ac370443",0.021519,0.000455,0.021194,0.021844,1.000000,10
9,fixed_train,"ac370000, ac370419, ac370442",0.038807,0.001142,0.037991,0.039624,1.000000,2
0,fixed_test,"370407, ac370000",0.002025,0.003769,-0.000672,0.004721,0.530000,6
1,fixed_test,"ac370000, ac370419",0.001702,0.003453,-0.000768,0.004173,0.539333,7
2,fixed_test,"ac370000, ac370443",0.003228,0.003936,0.000412,0.006044,0.569333,5
3,fixed_test,"ac370000, ac370419, ac370443",0.004428,0.003854,0.001671,0.007185,0.595333,3
4,fixed_test,"ac370419, ac370443",-0.001184,0.003512,-0.003696,0.001329,0.374000,10
5,fixed_test,"ac370000, ac370442",0.003715,0.004004,0.000850,0.006579,0.590000,4
6,fixed_test,"370407, ac370000, ac370419",0.005002,0.003900,0.002212,0.007792,0.602000,1
7,fixed_test,"370407, ac370419",-0.000739,0.003102,-0.002958,0.001480,0.389333,9
8,fixed_test,"ac370442, ac370443",0.000591,0.003449,-0.001876,0.003058,0.440667,8
9,fixed_test,"ac370000, ac370419, ac370442",0.004493,0.004155,0.001521,0.007465,0.598000,2
