group,itemset,size,repeat,original,engine,abs_diff,n_traces
apriori_4th_to_8th,"ac370000, ac370419, ac370443",3,0,0.035475107727426902,0.035475107727426902,0,513
apriori_4th_to_8th,"ac370000, ac370419, ac370443",3,1,0.0567160779369138,0.0567160779369138,0,513
apriori_4th_to_8th,"ac370000, ac370419, ac370443",3,2,0.10172245893137988,0.10172245893137988,0,513
apriori_4th_to_8th,"ac370419, ac370443",2,0,0.099378981396236354,0.099378981396236354,0,513
apriori_4th_to_8th,"ac370419, ac370443",2,1,0.10046393251562946,0.10046393251562946,0,513
apriori_4th_to_8th,"ac370419, ac370443",2,2,0.10722840484201002,0.10722840484201002,0,513
apriori_4th_to_8th,"ac370000, ac370442",2,0,0.11783643397419064,0.11783643397419064,0,512
apriori_4th_to_8th,"ac370000, ac370442",2,1,0.1372505067954769,0.1372505067954769,0,512
apriori_4th_to_8th,"ac370000, ac370442",2,2,0.1482265510064984,0.1482265510064984,0,512
apriori_4th_to_8th,"370407, ac370000, ac370419",3,0,0.13053318410724235,0.13053318410724235,0,512
apriori_4th_to_8th,"370407, ac370000, ac370419",3,1,0.14167464172015853,0.14167464172015853,0,512
apriori_4th_to_8th,"370407, ac370000, ac370419",3,2,0.13538964074248283,0.13538964074248283,0,512
apriori_4th_to_8th,"370407, ac370419",2,0,0.12880375699461211,0.12880375699461211,0,512
apriori_4th_to_8th,"370407, ac370419",2,1,0.12496927343401298,0.12496927343401298,0,512
apriori_4th_to_8th,"370407, ac370419",2,2,0.12043101529311362,0.12043101529311362,0,512
single_activity,ac370000,1,0,0.11075268156333373,0.11075268156333373,0,632
single_activity,ac370000,1,1,0.10741304756843084,0.10741304756843084,0,632
