itemset_id,itemset,repeat,original,engine,abs_diff
3,"ac379999, ac419100",0,0.056570837406178631,0.056570837406178631,0
3,"ac379999, ac419100",1,0.06745575217632005,0.06745575217632005,0
3,"ac379999, ac419100",2,0.06745575217632005,0.06745575217632005,0
4,"370407, ac370000",0,0.10626879436250591,0.10626879436250591,0
4,"370407, ac370000",1,0.098590794766397316,0.098590794766397316,0
4,"370407, ac370000",2,0.13158859232426723,0.13158859232426723,0
5,"370407, ac370000, ac379999",0,0.14668674380945401,0.14668674380945401,0
5,"370407, ac370000, ac379999",1,0.1625643218373114,0.1625643218373114,0
5,"370407, ac370000, ac379999",2,0.1303732984984235,0.1303732984984235,0
6,"370407, ac379999",0,0.14268535163143969,0.14268535163143969,0
6,"370407, ac379999",1,0.11834405334253484,0.11834405334253484,0
6,"370407, ac379999",2,0.14076981784373011,0.14076981784373011,0
7,"ac370000, ac370419",0,0.17114423832968861,0.17114423832968861,0
7,"ac370000, ac370419",1,0.17252707701363335,0.17252707701363335,0
7,"ac370000, ac370419",2,0.16028008312464326,0.16028008312464326,0
