log,min_support,tied_sets_chosen
f1,0.55,"{ac370419, ac370442}; {ac370442, ac370443}"
f1,0.53,"{ac370000, ac370419, ac370442}; {ac370442, ac370443}"
f1,0.52,"{ac370419, ac370442}; {ac370442, ac370443}"
f1,0.51,"{ac370000, ac370419, ac370442}; {ac370442, ac370443}"
f1,0.5,"{ac370000, ac370419, ac370442}; {ac370442, ac370443}"
f1,0.49,"{ac370000, ac370419, ac370442}; {ac370442, ac370443}"
f1,0.48,"{ac370000, ac370419, ac370442}; {ac370442, ac370443}"
f1,0.47,"{ac370000, ac370419, ac370442}; {ac370419, ac370442}"
f2,0.55,"{ac370419, ac379999}"
f2,0.53,"{ac370419, ac379999}"
f2,0.52,"{ac370000, ac370419, ac379999}"
f2,0.51,"{ac370419, ac379999}"
f2,0.5,"{ac370419, ac379999}"
f2,0.49,"{ac370419, ac379999}"
f2,0.48,"{ac370419, ac379999}"
f2,0.47,"{ac370419, ac379999}"
f3,0.49,"{ac370000, ac370442, ac370443}; {ac370442, ac370443}"
f3,0.48,"{ac370000, ac370442, ac370443}; {ac370442, ac370443}"
f3,0.47,"{ac370000, ac370442, ac370443}; {ac370442, ac370443}"
