log,min_support,n_size1,support_10th_size1,n_size2,support_10th_size2,n_size3,support_10th_size3,enough_for_every_size,seconds_best_of_3
f1,0.5,16,0.5353982300884956,94,0.5442477876106194,258,0.5415929203539823,True,0.017
f1,0.49,20,0.5353982300884956,121,0.5442477876106194,414,0.5415929203539823,True,0.022
f1,0.45,23,0.5353982300884956,168,0.5442477876106194,841,0.5415929203539823,True,0.033
f1,0.4,23,0.5353982300884956,211,0.5442477876106194,1330,0.5415929203539823,True,0.034
f1,0.35,23,0.5353982300884956,212,0.5442477876106194,1330,0.5415929203539823,True,0.031
f1,0.3,25,0.5353982300884956,215,0.5442477876106194,1331,0.5415929203539823,True,0.04
f2,0.5,23,0.5495575221238939,148,0.5734513274336284,544,0.5646017699115045,True,0.022
f2,0.49,25,0.5495575221238939,188,0.5734513274336284,804,0.5646017699115045,True,0.024
f2,0.45,26,0.5495575221238939,248,0.5734513274336284,1390,0.5646017699115045,True,0.037
f2,0.4,26,0.5495575221238939,286,0.5734513274336284,2036,0.5646017699115045,True,0.047
f2,0.35,28,0.5495575221238939,311,0.5734513274336284,2272,0.5646017699115045,True,0.043
f2,0.3,30,0.5495575221238939,342,0.5734513274336284,2670,0.5646017699115045,True,0.06
f3,0.5,5,,4,,1,,False,0.013
f3,0.49,6,,9,,7,,False,0.01
f3,0.45,17,0.47884788478847884,84,0.48874887488748875,217,0.48334833483348333,True,0.012
f3,0.4,20,0.47884788478847884,130,0.48874887488748875,572,0.48334833483348333,True,0.015
f3,0.35,21,0.47884788478847884,156,0.48874887488748875,816,0.48334833483348333,True,0.022
f3,0.3,22,0.47884788478847884,160,0.48874887488748875,819,0.48334833483348333,True,0.023
