setting,repeats,seed_a,seed_b,spearman,kendall,top3_overlap
fixed_test,3,0,1,0.4787878787878787,0.37777777777777777,0.3333333333333333
fixed_test,3,0,2,0.6606060606060605,0.5555555555555555,0.6666666666666666
fixed_test,3,0,3,0.4666666666666666,0.3333333333333333,0.3333333333333333
fixed_test,3,0,4,0.32121212121212117,0.24444444444444444,0.6666666666666666
fixed_test,3,0,5,0.22424242424242422,0.19999999999999998,0.3333333333333333
fixed_test,3,0,6,0.32121212121212117,0.19999999999999998,0.6666666666666666
fixed_test,3,0,7,0.5030303030303029,0.37777777777777777,0.6666666666666666
fixed_test,3,0,8,0.7575757575757575,0.5555555555555555,1.0
fixed_test,3,0,9,0.33333333333333326,0.19999999999999998,0.6666666666666666
fixed_test,3,1,2,0.8060606060606059,0.6444444444444444,0.6666666666666666
fixed_test,3,1,3,0.28484848484848485,0.15555555555555553,0.0
fixed_test,3,1,4,0.38181818181818183,0.3333333333333333,0.3333333333333333
fixed_test,3,1,5,0.35757575757575755,0.28888888888888886,0.3333333333333333
fixed_test,3,1,6,0.6727272727272726,0.4666666666666666,0.3333333333333333
fixed_test,3,1,7,0.7575757575757575,0.5555555555555555,0.6666666666666666
fixed_test,3,1,8,0.33333333333333326,0.19999999999999998,0.3333333333333333
fixed_test,3,1,9,0.2606060606060606,0.1111111111111111,0.0
fixed_test,3,2,3,0.43030303030303024,0.3333333333333333,0.3333333333333333
fixed_test,3,2,4,0.709090909090909,0.5111111111111111,0.6666666666666666
fixed_test,3,2,5,0.38181818181818183,0.28888888888888886,0.3333333333333333
fixed_test,3,2,6,0.6848484848484848,0.4666666666666666,0.3333333333333333
fixed_test,3,2,7,0.9272727272727272,0.8222222222222221,1.0
fixed_test,3,2,8,0.5393939393939393,0.37777777777777777,0.6666666666666666
fixed_test,3,2,9,0.49090909090909085,0.37777777777777777,0.3333333333333333
fixed_test,3,3,4,0.23636363636363633,0.1111111111111111,0.6666666666666666
fixed_test,3,3,5,-0.01818181818181818,-0.022222222222222223,0.3333333333333333
fixed_test,3,3,6,0.01818181818181818,0.06666666666666667,0.3333333333333333
fixed_test,3,3,7,0.4545454545454545,0.4222222222222222,0.3333333333333333
fixed_test,3,3,8,0.5757575757575757,0.5111111111111111,0.3333333333333333
fixed_test,3,3,9,0.01818181818181818,-0.022222222222222223,0.6666666666666666
fixed_test,3,4,5,0.24848484848484845,0.15555555555555553,0.3333333333333333
fixed_test,3,4,6,0.5393939393939393,0.4222222222222222,0.6666666666666666
fixed_test,3,4,7,0.5757575757575757,0.4222222222222222,0.6666666666666666
fixed_test,3,4,8,0.4545454545454545,0.3333333333333333,0.6666666666666666
fixed_test,3,4,9,0.49090909090909085,0.3333333333333333,0.6666666666666666
fixed_test,3,5,6,0.5151515151515151,0.37777777777777777,0.6666666666666666
fixed_test,3,5,7,0.13939393939393938,0.1111111111111111,0.3333333333333333
fixed_test,3,5,8,0.29696969696969694,0.19999999999999998,0.3333333333333333
fixed_test,3,5,9,0.34545454545454546,0.28888888888888886,0.6666666666666666
fixed_test,3,6,7,0.6484848484848483,0.4666666666666666,0.3333333333333333
fixed_test,3,6,8,0.5030303030303029,0.37777777777777777,0.6666666666666666
fixed_test,3,6,9,0.709090909090909,0.5555555555555555,0.6666666666666666
fixed_test,3,7,8,0.43030303030303024,0.28888888888888886,0.6666666666666666
fixed_test,3,7,9,0.4545454545454545,0.28888888888888886,0.3333333333333333
fixed_test,3,8,9,0.4424242424242424,0.28888888888888886,0.6666666666666666
fixed_test,5,0,1,0.6969696969696969,0.5555555555555555,0.6666666666666666
fixed_test,5,0,2,0.8181818181818182,0.6444444444444444,1.0
fixed_test,5,0,3,0.7575757575757575,0.5555555555555555,0.3333333333333333
fixed_test,5,0,4,0.6606060606060605,0.5111111111111111,1.0
fixed_test,5,0,5,0.309090909090909,0.19999999999999998,0.0
fixed_test,5,0,6,0.8060606060606059,0.6444444444444444,0.6666666666666666
fixed_test,5,0,7,0.5393939393939393,0.3333333333333333,0.3333333333333333
fixed_test,5,0,8,0.9151515151515152,0.7777777777777777,0.6666666666666666
fixed_test,5,0,9,0.709090909090909,0.6,0.6666666666666666
fixed_test,5,1,2,0.8909090909090909,0.7333333333333333,0.6666666666666666
fixed_test,5,1,3,0.6,0.4666666666666666,0.6666666666666666
fixed_test,5,1,4,0.7333333333333332,0.5111111111111111,0.6666666666666666
fixed_test,5,1,5,0.41818181818181815,0.28888888888888886,0.3333333333333333
fixed_test,5,1,6,0.8787878787878788,0.7333333333333333,0.6666666666666666
fixed_test,5,1,7,0.6484848484848483,0.4222222222222222,0.3333333333333333
fixed_test,5,1,8,0.7212121212121211,0.5111111111111111,0.6666666666666666
fixed_test,5,1,9,0.8545454545454544,0.6888888888888888,0.6666666666666666
fixed_test,5,2,3,0.5272727272727272,0.37777777777777777,0.3333333333333333
fixed_test,5,2,4,0.8060606060606059,0.6,1.0
fixed_test,5,2,5,0.4424242424242424,0.28888888888888886,0.0
fixed_test,5,2,6,0.9272727272727272,0.8222222222222221,0.6666666666666666
fixed_test,5,2,7,0.6,0.4222222222222222,0.3333333333333333
fixed_test,5,2,8,0.7333333333333332,0.5111111111111111,0.6666666666666666
fixed_test,5,2,9,0.7818181818181817,0.6,0.6666666666666666
fixed_test,5,3,4,0.5757575757575757,0.5111111111111111,0.3333333333333333
fixed_test,5,3,5,0.28484848484848485,0.19999999999999998,0.3333333333333333
fixed_test,5,3,6,0.5515151515151515,0.37777777777777777,0.3333333333333333
fixed_test,5,3,7,0.33333333333333326,0.24444444444444444,0.3333333333333333
fixed_test,5,3,8,0.7454545454545454,0.6,0.6666666666666666
fixed_test,5,3,9,0.5878787878787878,0.5111111111111111,0.6666666666666666
fixed_test,5,4,5,0.2121212121212121,0.06666666666666667,0.0
fixed_test,5,4,6,0.7696969696969697,0.6,0.6666666666666666
fixed_test,5,4,7,0.38181818181818183,0.28888888888888886,0.3333333333333333
fixed_test,5,4,8,0.709090909090909,0.5555555555555555,0.6666666666666666
fixed_test,5,4,9,0.8181818181818182,0.6444444444444444,0.6666666666666666
fixed_test,5,5,6,0.4666666666666666,0.37777777777777777,0.3333333333333333
fixed_test,5,5,7,0.13939393939393938,0.15555555555555553,0.3333333333333333
fixed_test,5,5,8,0.309090909090909,0.24444444444444444,0.3333333333333333
fixed_test,5,5,9,0.35757575757575755,0.24444444444444444,0.3333333333333333
fixed_test,5,6,7,0.3939393939393939,0.24444444444444444,0.0
fixed_test,5,6,8,0.7939393939393938,0.6,0.6666666666666666
fixed_test,5,6,9,0.7454545454545454,0.5111111111111111,0.6666666666666666
fixed_test,5,7,8,0.49090909090909085,0.28888888888888886,0.3333333333333333
fixed_test,5,7,9,0.6606060606060605,0.37777777777777777,0.3333333333333333
fixed_test,5,8,9,0.8424242424242423,0.7333333333333333,1.0
fixed_test,10,0,1,0.7333333333333332,0.5555555555555555,0.6666666666666666
fixed_test,10,0,2,0.8424242424242423,0.6444444444444444,1.0
fixed_test,10,0,3,0.8545454545454544,0.6888888888888888,0.3333333333333333
fixed_test,10,0,4,0.5393939393939393,0.37777777777777777,0.6666666666666666
fixed_test,10,0,5,0.43030303030303024,0.28888888888888886,0.3333333333333333
fixed_test,10,0,6,0.6606060606060605,0.5111111111111111,0.6666666666666666
fixed_test,10,0,7,0.6606060606060605,0.4666666666666666,0.3333333333333333
fixed_test,10,0,8,0.9393939393939393,0.8222222222222221,0.6666666666666666
fixed_test,10,0,9,0.8909090909090909,0.7777777777777777,0.6666666666666666
fixed_test,10,1,2,0.7818181818181817,0.6444444444444444,0.6666666666666666
fixed_test,10,1,3,0.709090909090909,0.5111111111111111,0.6666666666666666
fixed_test,10,1,4,0.5515151515151515,0.37777777777777777,1.0
fixed_test,10,1,5,0.3939393939393939,0.28888888888888886,0.6666666666666666
fixed_test,10,1,6,0.6848484848484848,0.5111111111111111,0.6666666666666666
fixed_test,10,1,7,0.8060606060606059,0.6444444444444444,0.6666666666666666
fixed_test,10,1,8,0.8181818181818182,0.7333333333333333,0.6666666666666666
fixed_test,10,1,9,0.709090909090909,0.5111111111111111,0.6666666666666666
fixed_test,10,2,3,0.5515151515151515,0.4222222222222222,0.3333333333333333
fixed_test,10,2,4,0.5636363636363636,0.37777777777777777,0.6666666666666666
fixed_test,10,2,5,0.41818181818181815,0.28888888888888886,0.3333333333333333
fixed_test,10,2,6,0.7939393939393938,0.6,0.6666666666666666
fixed_test,10,2,7,0.5757575757575757,0.37777777777777777,0.3333333333333333
fixed_test,10,2,8,0.8666666666666665,0.7333333333333333,0.6666666666666666
fixed_test,10,2,9,0.8424242424242423,0.6888888888888888,0.6666666666666666
fixed_test,10,3,4,0.4666666666666666,0.3333333333333333,0.6666666666666666
fixed_test,10,3,5,0.406060606060606,0.24444444444444444,0.6666666666666666
fixed_test,10,3,6,0.3939393939393939,0.28888888888888886,0.3333333333333333
fixed_test,10,3,7,0.6606060606060605,0.4222222222222222,0.6666666666666666
fixed_test,10,3,8,0.8181818181818182,0.6888888888888888,0.6666666666666666
fixed_test,10,3,9,0.7212121212121211,0.5555555555555555,0.6666666666666666
fixed_test,10,4,5,0.6242424242424242,0.4666666666666666,0.6666666666666666
fixed_test,10,4,6,0.5757575757575757,0.4222222222222222,0.6666666666666666
fixed_test,10,4,7,0.406060606060606,0.37777777777777777,0.6666666666666666
fixed_test,10,4,8,0.5393939393939393,0.37777777777777777,0.6666666666666666
fixed_test,10,4,9,0.6363636363636362,0.5111111111111111,0.6666666666666666
fixed_test,10,5,6,0.5757575757575757,0.4222222222222222,0.3333333333333333
fixed_test,10,5,7,0.32121212121212117,0.19999999999999998,0.6666666666666666
fixed_test,10,5,8,0.5030303030303029,0.28888888888888886,0.6666666666666666
fixed_test,10,5,9,0.7454545454545454,0.5111111111111111,0.6666666666666666
fixed_test,10,6,7,0.4545454545454545,0.24444444444444444,0.3333333333333333
fixed_test,10,6,8,0.7696969696969697,0.6,0.6666666666666666
fixed_test,10,6,9,0.7939393939393938,0.6444444444444444,0.6666666666666666
fixed_test,10,7,8,0.7575757575757575,0.5555555555555555,0.6666666666666666
fixed_test,10,7,9,0.6242424242424242,0.5111111111111111,0.6666666666666666
fixed_test,10,8,9,0.9272727272727272,0.7777777777777777,1.0
fixed_test,30,0,1,0.8787878787878788,0.6888888888888888,1.0
fixed_test,30,0,2,0.6606060606060605,0.4666666666666666,0.3333333333333333
fixed_test,30,0,3,0.9999999999999999,0.9999999999999999,1.0
fixed_test,30,0,4,0.7454545454545454,0.5555555555555555,1.0
fixed_test,30,0,5,0.5393939393939393,0.37777777777777777,0.3333333333333333
fixed_test,30,0,6,0.5151515151515151,0.28888888888888886,0.3333333333333333
fixed_test,30,0,7,0.9030303030303028,0.8222222222222221,1.0
fixed_test,30,0,8,0.9030303030303028,0.7777777777777777,0.6666666666666666
fixed_test,30,0,9,0.8424242424242423,0.7333333333333333,0.6666666666666666
fixed_test,30,1,2,0.7696969696969697,0.6,0.3333333333333333
fixed_test,30,1,3,0.8787878787878788,0.6888888888888888,1.0
fixed_test,30,1,4,0.6242424242424242,0.4222222222222222,1.0
fixed_test,30,1,5,0.6242424242424242,0.4222222222222222,0.3333333333333333
fixed_test,30,1,6,0.709090909090909,0.5111111111111111,0.3333333333333333
fixed_test,30,1,7,0.8666666666666665,0.6888888888888888,1.0
fixed_test,30,1,8,0.8545454545454544,0.7333333333333333,0.6666666666666666
fixed_test,30,1,9,0.8666666666666665,0.6888888888888888,0.6666666666666666
fixed_test,30,2,3,0.6606060606060605,0.4666666666666666,0.3333333333333333
fixed_test,30,2,4,0.3939393939393939,0.19999999999999998,0.3333333333333333
fixed_test,30,2,5,0.8666666666666665,0.7333333333333333,0.6666666666666666
fixed_test,30,2,6,0.9393939393939393,0.8222222222222221,1.0
fixed_test,30,2,7,0.709090909090909,0.4666666666666666,0.3333333333333333
fixed_test,30,2,8,0.8666666666666665,0.6888888888888888,0.6666666666666666
fixed_test,30,2,9,0.7939393939393938,0.6444444444444444,0.3333333333333333
fixed_test,30,3,4,0.7454545454545454,0.5555555555555555,1.0
fixed_test,30,3,5,0.5393939393939393,0.37777777777777777,0.3333333333333333
fixed_test,30,3,6,0.5151515151515151,0.28888888888888886,0.3333333333333333
fixed_test,30,3,7,0.9030303030303028,0.8222222222222221,1.0
fixed_test,30,3,8,0.9030303030303028,0.7777777777777777,0.6666666666666666
fixed_test,30,3,9,0.8424242424242423,0.7333333333333333,0.6666666666666666
fixed_test,30,4,5,0.5272727272727272,0.37777777777777777,0.3333333333333333
fixed_test,30,4,6,0.4545454545454545,0.19999999999999998,0.3333333333333333
fixed_test,30,4,7,0.7818181818181817,0.6444444444444444,1.0
fixed_test,30,4,8,0.6,0.4222222222222222,0.6666666666666666
fixed_test,30,4,9,0.709090909090909,0.5555555555555555,0.6666666666666666
fixed_test,30,5,6,0.8787878787878788,0.7333333333333333,0.6666666666666666
fixed_test,30,5,7,0.6363636363636362,0.4666666666666666,0.3333333333333333
fixed_test,30,5,8,0.6969696969696969,0.5111111111111111,0.6666666666666666
fixed_test,30,5,9,0.8424242424242423,0.6444444444444444,0.6666666666666666
fixed_test,30,6,7,0.6363636363636362,0.37777777777777777,0.3333333333333333
fixed_test,30,6,8,0.7333333333333332,0.5111111111111111,0.6666666666666666
fixed_test,30,6,9,0.7333333333333332,0.4666666666666666,0.3333333333333333
fixed_test,30,7,8,0.8909090909090909,0.7777777777777777,0.6666666666666666
fixed_test,30,7,9,0.8787878787878788,0.7333333333333333,0.6666666666666666
fixed_test,30,8,9,0.8666666666666665,0.6888888888888888,0.6666666666666666
fixed_train,3,0,1,0.8666666666666665,0.6888888888888888,0.6666666666666666
fixed_train,3,0,2,0.9393939393939393,0.8222222222222221,1.0
fixed_train,3,0,3,0.8787878787878788,0.7333333333333333,0.6666666666666666
fixed_train,3,0,4,0.9151515151515152,0.7777777777777777,1.0
fixed_train,3,0,5,0.9393939393939393,0.8222222222222221,0.6666666666666666
fixed_train,3,0,6,0.9515151515151514,0.8666666666666666,0.6666666666666666
fixed_train,3,0,7,0.9636363636363635,0.8666666666666666,0.6666666666666666
fixed_train,3,0,8,0.9393939393939393,0.8222222222222221,0.6666666666666666
fixed_train,3,0,9,0.9515151515151514,0.8666666666666666,1.0
fixed_train,3,1,2,0.8303030303030302,0.6,0.6666666666666666
fixed_train,3,1,3,0.9151515151515152,0.7777777777777777,0.6666666666666666
fixed_train,3,1,4,0.8545454545454544,0.6444444444444444,0.6666666666666666
fixed_train,3,1,5,0.9151515151515152,0.7777777777777777,0.6666666666666666
fixed_train,3,1,6,0.9393939393939393,0.8222222222222221,1.0
fixed_train,3,1,7,0.8909090909090909,0.7333333333333333,0.6666666666666666
fixed_train,3,1,8,0.9151515151515152,0.7777777777777777,1.0
fixed_train,3,1,9,0.8909090909090909,0.7333333333333333,0.6666666666666666
fixed_train,3,2,3,0.8787878787878788,0.7333333333333333,0.6666666666666666
fixed_train,3,2,4,0.9515151515151514,0.8666666666666666,1.0
fixed_train,3,2,5,0.9272727272727272,0.8222222222222221,0.6666666666666666
fixed_train,3,2,6,0.8666666666666665,0.6888888888888888,0.6666666666666666
fixed_train,3,2,7,0.9030303030303028,0.7777777777777777,0.6666666666666666
fixed_train,3,2,8,0.8787878787878788,0.7333333333333333,0.6666666666666666
fixed_train,3,2,9,0.9151515151515152,0.7777777777777777,1.0
fixed_train,3,3,4,0.8303030303030302,0.6,0.6666666666666666
fixed_train,3,3,5,0.9393939393939393,0.8222222222222221,1.0
fixed_train,3,3,6,0.9272727272727272,0.7777777777777777,0.6666666666666666
fixed_train,3,3,7,0.9151515151515152,0.7777777777777777,1.0
fixed_train,3,3,8,0.8909090909090909,0.7333333333333333,0.6666666666666666
fixed_train,3,3,9,0.8666666666666665,0.6888888888888888,0.6666666666666666
fixed_train,3,4,5,0.9030303030303028,0.7777777777777777,0.6666666666666666
fixed_train,3,4,6,0.8424242424242423,0.6444444444444444,0.6666666666666666
fixed_train,3,4,7,0.9272727272727272,0.8222222222222221,0.6666666666666666
fixed_train,3,4,8,0.9030303030303028,0.7777777777777777,0.6666666666666666
fixed_train,3,4,9,0.9636363636363635,0.911111111111111,1.0
fixed_train,3,5,6,0.9151515151515152,0.7777777777777777,0.6666666666666666
fixed_train,3,5,7,0.9515151515151514,0.8666666666666666,1.0
fixed_train,3,5,8,0.9030303030303028,0.7333333333333333,0.6666666666666666
fixed_train,3,5,9,0.9515151515151514,0.8666666666666666,0.6666666666666666
fixed_train,3,6,7,0.9393939393939393,0.8222222222222221,0.6666666666666666
fixed_train,3,6,8,0.9636363636363635,0.8666666666666666,1.0
fixed_train,3,6,9,0.9030303030303028,0.7333333333333333,0.6666666666666666
fixed_train,3,7,8,0.9515151515151514,0.8666666666666666,0.6666666666666666
fixed_train,3,7,9,0.9757575757575757,0.911111111111111,0.6666666666666666
fixed_train,3,8,9,0.9515151515151514,0.8666666666666666,0.6666666666666666
fixed_train,5,0,1,0.9272727272727272,0.7777777777777777,1.0
fixed_train,5,0,2,0.9272727272727272,0.8222222222222221,0.6666666666666666
fixed_train,5,0,3,0.9636363636363635,0.8666666666666666,0.6666666666666666
fixed_train,5,0,4,0.9393939393939393,0.8222222222222221,0.6666666666666666
fixed_train,5,0,5,0.9272727272727272,0.8222222222222221,0.6666666666666666
fixed_train,5,0,6,0.9878787878787878,0.9555555555555554,1.0
fixed_train,5,0,7,0.9757575757575757,0.911111111111111,1.0
fixed_train,5,0,8,0.9515151515151514,0.8666666666666666,0.6666666666666666
fixed_train,5,0,9,0.9393939393939393,0.8222222222222221,0.6666666666666666
fixed_train,5,1,2,0.9030303030303028,0.7777777777777777,0.6666666666666666
fixed_train,5,1,3,0.9393939393939393,0.8222222222222221,0.6666666666666666
fixed_train,5,1,4,0.8666666666666665,0.6888888888888888,0.6666666666666666
fixed_train,5,1,5,0.9151515151515152,0.7777777777777777,0.6666666666666666
fixed_train,5,1,6,0.9393939393939393,0.8222222222222221,1.0
fixed_train,5,1,7,0.9151515151515152,0.7777777777777777,1.0
fixed_train,5,1,8,0.8909090909090909,0.7333333333333333,0.6666666666666666
fixed_train,5,1,9,0.8666666666666665,0.6888888888888888,0.6666666666666666
fixed_train,5,2,3,0.9030303030303028,0.7777777777777777,0.6666666666666666
fixed_train,5,2,4,0.9393939393939393,0.8222222222222221,1.0
fixed_train,5,2,5,0.9636363636363635,0.911111111111111,0.6666666666666666
fixed_train,5,2,6,0.9515151515151514,0.8666666666666666,0.6666666666666666
fixed_train,5,2,7,0.9393939393939393,0.8222222222222221,0.6666666666666666
fixed_train,5,2,8,0.9515151515151514,0.8666666666666666,0.6666666666666666
fixed_train,5,2,9,0.9393939393939393,0.8222222222222221,1.0
fixed_train,5,3,4,0.8909090909090909,0.7777777777777777,0.6666666666666666
fixed_train,5,3,5,0.9515151515151514,0.8666666666666666,1.0
fixed_train,5,3,6,0.9757575757575757,0.911111111111111,0.6666666666666666
fixed_train,5,3,7,0.9151515151515152,0.7777777777777777,0.6666666666666666
fixed_train,5,3,8,0.9636363636363635,0.911111111111111,1.0
fixed_train,5,3,9,0.8909090909090909,0.7777777777777777,0.6666666666666666
fixed_train,5,4,5,0.9393939393939393,0.8222222222222221,0.6666666666666666
fixed_train,5,4,6,0.9151515151515152,0.7777777777777777,0.6666666666666666
fixed_train,5,4,7,0.9393939393939393,0.8222222222222221,0.6666666666666666
fixed_train,5,4,8,0.9515151515151514,0.8666666666666666,0.6666666666666666
fixed_train,5,4,9,0.9999999999999999,0.9999999999999999,1.0
fixed_train,5,5,6,0.9515151515151514,0.8666666666666666,0.6666666666666666
fixed_train,5,5,7,0.9030303030303028,0.7333333333333333,0.6666666666666666
fixed_train,5,5,8,0.9878787878787878,0.9555555555555554,1.0
fixed_train,5,5,9,0.9393939393939393,0.8222222222222221,0.6666666666666666
fixed_train,5,6,7,0.9636363636363635,0.8666666666666666,1.0
fixed_train,5,6,8,0.9636363636363635,0.911111111111111,0.6666666666666666
fixed_train,5,6,9,0.9151515151515152,0.7777777777777777,0.6666666666666666
fixed_train,5,7,8,0.9272727272727272,0.7777777777777777,0.6666666666666666
fixed_train,5,7,9,0.9393939393939393,0.8222222222222221,0.6666666666666666
fixed_train,5,8,9,0.9515151515151514,0.8666666666666666,0.6666666666666666
fixed_train,10,0,1,0.9757575757575757,0.911111111111111,1.0
fixed_train,10,0,2,0.9151515151515152,0.7777777777777777,0.6666666666666666
fixed_train,10,0,3,0.9999999999999999,0.9999999999999999,1.0
fixed_train,10,0,4,0.9515151515151514,0.8666666666666666,0.6666666666666666
fixed_train,10,0,5,0.9515151515151514,0.8666666666666666,0.6666666666666666
fixed_train,10,0,6,0.9878787878787878,0.9555555555555554,1.0
fixed_train,10,0,7,0.9757575757575757,0.911111111111111,0.6666666666666666
fixed_train,10,0,8,0.9999999999999999,0.9999999999999999,1.0
fixed_train,10,0,9,0.9393939393939393,0.8222222222222221,0.6666666666666666
fixed_train,10,1,2,0.8666666666666665,0.6888888888888888,0.6666666666666666
fixed_train,10,1,3,0.9757575757575757,0.911111111111111,1.0
fixed_train,10,1,4,0.9272727272727272,0.8666666666666666,0.6666666666666666
fixed_train,10,1,5,0.9393939393939393,0.8666666666666666,0.6666666666666666
fixed_train,10,1,6,0.9515151515151514,0.8666666666666666,1.0
fixed_train,10,1,7,0.9515151515151514,0.8222222222222221,0.6666666666666666
fixed_train,10,1,8,0.9757575757575757,0.911111111111111,1.0
fixed_train,10,1,9,0.9151515151515152,0.8222222222222221,0.6666666666666666
fixed_train,10,2,3,0.9151515151515152,0.7777777777777777,0.6666666666666666
fixed_train,10,2,4,0.9393939393939393,0.8222222222222221,1.0
fixed_train,10,2,5,0.9393939393939393,0.8222222222222221,0.6666666666666666
fixed_train,10,2,6,0.9393939393939393,0.8222222222222221,0.6666666666666666
fixed_train,10,2,7,0.9151515151515152,0.7777777777777777,0.6666666666666666
fixed_train,10,2,8,0.9151515151515152,0.7777777777777777,0.6666666666666666
fixed_train,10,2,9,0.9515151515151514,0.8666666666666666,1.0
fixed_train,10,3,4,0.9515151515151514,0.8666666666666666,0.6666666666666666
fixed_train,10,3,5,0.9515151515151514,0.8666666666666666,0.6666666666666666
fixed_train,10,3,6,0.9878787878787878,0.9555555555555554,1.0
fixed_train,10,3,7,0.9757575757575757,0.911111111111111,0.6666666666666666
fixed_train,10,3,8,0.9999999999999999,0.9999999999999999,1.0
fixed_train,10,3,9,0.9393939393939393,0.8222222222222221,0.6666666666666666
fixed_train,10,4,5,0.9636363636363635,0.911111111111111,0.6666666666666666
fixed_train,10,4,6,0.9272727272727272,0.8222222222222221,0.6666666666666666
fixed_train,10,4,7,0.9272727272727272,0.7777777777777777,0.6666666666666666
fixed_train,10,4,8,0.9515151515151514,0.8666666666666666,0.6666666666666666
fixed_train,10,4,9,0.9878787878787878,0.9555555555555554,1.0
fixed_train,10,5,6,0.9272727272727272,0.8222222222222221,0.6666666666666666
fixed_train,10,5,7,0.9636363636363635,0.8666666666666666,1.0
fixed_train,10,5,8,0.9515151515151514,0.8666666666666666,0.6666666666666666
fixed_train,10,5,9,0.9878787878787878,0.9555555555555554,0.6666666666666666
fixed_train,10,6,7,0.9636363636363635,0.8666666666666666,0.6666666666666666
fixed_train,10,6,8,0.9878787878787878,0.9555555555555554,1.0
fixed_train,10,6,9,0.9151515151515152,0.7777777777777777,0.6666666666666666
fixed_train,10,7,8,0.9757575757575757,0.911111111111111,0.6666666666666666
fixed_train,10,7,9,0.9393939393939393,0.8222222222222221,0.6666666666666666
fixed_train,10,8,9,0.9393939393939393,0.8222222222222221,0.6666666666666666
fixed_train,30,0,1,0.9999999999999999,0.9999999999999999,1.0
fixed_train,30,0,2,0.9636363636363635,0.911111111111111,0.6666666666666666
fixed_train,30,0,3,0.9999999999999999,0.9999999999999999,1.0
fixed_train,30,0,4,0.9757575757575757,0.911111111111111,1.0
fixed_train,30,0,5,0.9515151515151514,0.8666666666666666,0.6666666666666666
fixed_train,30,0,6,0.9757575757575757,0.911111111111111,0.6666666666666666
fixed_train,30,0,7,0.9999999999999999,0.9999999999999999,1.0
fixed_train,30,0,8,0.9999999999999999,0.9999999999999999,1.0
fixed_train,30,0,9,0.9393939393939393,0.8222222222222221,0.6666666666666666
fixed_train,30,1,2,0.9636363636363635,0.911111111111111,0.6666666666666666
fixed_train,30,1,3,0.9999999999999999,0.9999999999999999,1.0
fixed_train,30,1,4,0.9757575757575757,0.911111111111111,1.0
fixed_train,30,1,5,0.9515151515151514,0.8666666666666666,0.6666666666666666
fixed_train,30,1,6,0.9757575757575757,0.911111111111111,0.6666666666666666
fixed_train,30,1,7,0.9999999999999999,0.9999999999999999,1.0
fixed_train,30,1,8,0.9999999999999999,0.9999999999999999,1.0
fixed_train,30,1,9,0.9393939393939393,0.8222222222222221,0.6666666666666666
fixed_train,30,2,3,0.9636363636363635,0.911111111111111,0.6666666666666666
fixed_train,30,2,4,0.9757575757575757,0.911111111111111,0.6666666666666666
fixed_train,30,2,5,0.9878787878787878,0.9555555555555554,1.0
fixed_train,30,2,6,0.9393939393939393,0.8222222222222221,0.6666666666666666
fixed_train,30,2,7,0.9636363636363635,0.911111111111111,0.6666666666666666
fixed_train,30,2,8,0.9636363636363635,0.911111111111111,0.6666666666666666
fixed_train,30,2,9,0.9757575757575757,0.911111111111111,1.0
fixed_train,30,3,4,0.9757575757575757,0.911111111111111,1.0
fixed_train,30,3,5,0.9515151515151514,0.8666666666666666,0.6666666666666666
fixed_train,30,3,6,0.9757575757575757,0.911111111111111,0.6666666666666666
fixed_train,30,3,7,0.9999999999999999,0.9999999999999999,1.0
fixed_train,30,3,8,0.9999999999999999,0.9999999999999999,1.0
fixed_train,30,3,9,0.9393939393939393,0.8222222222222221,0.6666666666666666
fixed_train,30,4,5,0.9515151515151514,0.8666666666666666,0.6666666666666666
fixed_train,30,4,6,0.9272727272727272,0.8222222222222221,0.6666666666666666
fixed_train,30,4,7,0.9757575757575757,0.911111111111111,1.0
fixed_train,30,4,8,0.9757575757575757,0.911111111111111,1.0
fixed_train,30,4,9,0.9636363636363635,0.911111111111111,0.6666666666666666
fixed_train,30,5,6,0.9515151515151514,0.8666666666666666,0.6666666666666666
fixed_train,30,5,7,0.9515151515151514,0.8666666666666666,0.6666666666666666
fixed_train,30,5,8,0.9515151515151514,0.8666666666666666,0.6666666666666666
fixed_train,30,5,9,0.9878787878787878,0.9555555555555554,1.0
fixed_train,30,6,7,0.9757575757575757,0.911111111111111,0.6666666666666666
fixed_train,30,6,8,0.9757575757575757,0.911111111111111,0.6666666666666666
fixed_train,30,6,9,0.9272727272727272,0.8222222222222221,0.6666666666666666
fixed_train,30,7,8,0.9999999999999999,0.9999999999999999,1.0
fixed_train,30,7,9,0.9393939393939393,0.8222222222222221,0.6666666666666666
fixed_train,30,8,9,0.9393939393939393,0.8222222222222221,0.6666666666666666
faithful_train,10,0,1,0.5272727272727272,0.4222222222222222,0.3333333333333333
faithful_train,10,0,2,0.5636363636363636,0.37777777777777777,0.6666666666666666
faithful_train,10,0,3,0.7696969696969697,0.6888888888888888,0.6666666666666666
faithful_train,10,0,4,0.17575757575757575,0.15555555555555553,0.3333333333333333
faithful_train,10,0,5,0.16363636363636364,0.1111111111111111,0.3333333333333333
faithful_train,10,0,6,0.8909090909090909,0.7777777777777777,0.6666666666666666
faithful_train,10,0,7,0.406060606060606,0.3333333333333333,0.6666666666666666
faithful_train,10,0,8,0.6484848484848483,0.4666666666666666,0.3333333333333333
faithful_train,10,0,9,0.5030303030303029,0.3333333333333333,0.6666666666666666
faithful_train,10,1,2,0.406060606060606,0.24444444444444444,0.3333333333333333
faithful_train,10,1,3,0.6484848484848483,0.5555555555555555,0.6666666666666666
faithful_train,10,1,4,0.49090909090909085,0.37777777777777777,0.6666666666666666
faithful_train,10,1,5,0.28484848484848485,0.24444444444444444,0.3333333333333333
faithful_train,10,1,6,0.5636363636363636,0.4666666666666666,0.3333333333333333
faithful_train,10,1,7,-0.006060606060606061,-0.06666666666666667,0.3333333333333333
faithful_train,10,1,8,0.4787878787878787,0.3333333333333333,0.6666666666666666
faithful_train,10,1,9,0.2606060606060606,0.19999999999999998,0.3333333333333333
faithful_train,10,2,3,0.5636363636363636,0.3333333333333333,0.3333333333333333
faithful_train,10,2,4,0.4545454545454545,0.3333333333333333,0.6666666666666666
faithful_train,10,2,5,0.6969696969696969,0.5555555555555555,0.6666666666666666
faithful_train,10,2,6,0.709090909090909,0.5111111111111111,0.3333333333333333
faithful_train,10,2,7,0.6727272727272726,0.5111111111111111,1.0
faithful_train,10,2,8,0.6848484848484848,0.5555555555555555,0.6666666666666666
faithful_train,10,2,9,0.9030303030303028,0.7777777777777777,0.6666666666666666
faithful_train,10,3,4,0.3696969696969697,0.28888888888888886,0.6666666666666666
faithful_train,10,3,5,0.43030303030303024,0.3333333333333333,0.3333333333333333
faithful_train,10,3,6,0.7818181818181817,0.6444444444444444,0.6666666666666666
faithful_train,10,3,7,0.2727272727272727,0.19999999999999998,0.3333333333333333
faithful_train,10,3,8,0.7696969696969697,0.6,0.6666666666666666
faithful_train,10,3,9,0.6484848484848483,0.4666666666666666,0.3333333333333333
faithful_train,10,4,5,0.8060606060606059,0.6888888888888888,0.6666666666666666
faithful_train,10,4,6,0.11515151515151514,0.1111111111111111,0.3333333333333333
faithful_train,10,4,7,0.41818181818181815,0.28888888888888886,0.6666666666666666
faithful_train,10,4,8,0.4787878787878787,0.3333333333333333,1.0
faithful_train,10,4,9,0.33333333333333326,0.19999999999999998,0.3333333333333333
faithful_train,10,5,6,0.2121212121212121,0.15555555555555553,0.3333333333333333
faithful_train,10,5,7,0.709090909090909,0.5111111111111111,0.6666666666666666
faithful_train,10,5,8,0.49090909090909085,0.28888888888888886,0.6666666666666666
faithful_train,10,5,9,0.7212121212121211,0.5111111111111111,0.6666666666666666
faithful_train,10,6,7,0.43030303030303024,0.37777777777777777,0.3333333333333333
faithful_train,10,6,8,0.5757575757575757,0.4222222222222222,0.3333333333333333
faithful_train,10,6,9,0.6606060606060605,0.4666666666666666,0.3333333333333333
faithful_train,10,7,8,0.22424242424242422,0.15555555555555553,0.6666666666666666
faithful_train,10,7,9,0.6727272727272726,0.5555555555555555,0.6666666666666666
faithful_train,10,8,9,0.6606060606060605,0.5111111111111111,0.3333333333333333
