setting,repeats,seed,itemset_id,itemset,mean_importance,rank
fixed_test,3,0,0,"370407, ac370000",0.011308607207652187,6.0
fixed_test,3,0,1,"ac370000, ac370419",0.01354964073314202,1.0
fixed_test,3,0,2,"370407, ac370000, ac370419",0.0131702370871236,3.0
fixed_test,3,0,3,"370407, ac370419",0.0009752433474091601,8.0
fixed_test,3,0,4,"ac370000, ac370443",0.008265951418207466,7.0
fixed_test,3,0,5,"ac370000, ac370419, ac370443",0.013514872823357754,2.0
fixed_test,3,0,6,"ac370419, ac370443",-0.002210311007837547,10.0
fixed_test,3,0,7,"ac370000, ac370442",0.0128289477327575,4.0
fixed_test,3,0,8,"ac370000, ac370442, ac370443",0.011697804276984492,5.0
fixed_test,3,0,9,"ac370442, ac370443",-0.0012766893522239797,9.0
fixed_test,3,1,0,"370407, ac370000",0.01792943859087328,3.0
fixed_test,3,1,1,"ac370000, ac370419",0.02467797863950229,1.0
fixed_test,3,1,2,"370407, ac370000, ac370419",0.020883410573724868,2.0
fixed_test,3,1,3,"370407, ac370419",0.005065458568624132,8.0
fixed_test,3,1,4,"ac370000, ac370443",0.01585133078872809,6.0
fixed_test,3,1,5,"ac370000, ac370419, ac370443",0.017140451220111697,5.0
fixed_test,3,1,6,"ac370419, ac370443",0.0031265238095883733,9.0
fixed_test,3,1,7,"ac370000, ac370442",0.015252608725098966,7.0
fixed_test,3,1,8,"ac370000, ac370442, ac370443",0.01719785216943653,4.0
fixed_test,3,1,9,"ac370442, ac370443",-0.0011220643140018001,10.0
fixed_test,3,2,0,"370407, ac370000",0.00556313584476006,7.0
fixed_test,3,2,1,"ac370000, ac370419",0.010673536720998725,2.0
fixed_test,3,2,2,"370407, ac370000, ac370419",0.008744319240275515,5.0
fixed_test,3,2,3,"370407, ac370419",0.003351277746061114,9.0
fixed_test,3,2,4,"ac370000, ac370443",0.00738003156271236,6.0
fixed_test,3,2,5,"ac370000, ac370419, ac370443",0.01047357400803675,3.0
fixed_test,3,2,6,"ac370419, ac370443",0.0035245744950071476,8.0
fixed_test,3,2,7,"ac370000, ac370442",0.011188052809444867,1.0
fixed_test,3,2,8,"ac370000, ac370442, ac370443",0.009516645645861162,4.0
fixed_test,3,2,9,"ac370442, ac370443",-4.315730908013386e-06,10.0
fixed_test,3,3,0,"370407, ac370000",0.007218707382170306,7.0
fixed_test,3,3,1,"ac370000, ac370419",0.009774325233396768,4.0
fixed_test,3,3,2,"370407, ac370000, ac370419",0.0156004099053308,1.0
fixed_test,3,3,3,"370407, ac370419",0.0008797199068665401,8.0
fixed_test,3,3,4,"ac370000, ac370443",0.010281292226373372,3.0
fixed_test,3,3,5,"ac370000, ac370419, ac370443",0.012996492493743772,2.0
fixed_test,3,3,6,"ac370419, ac370443",-0.00286493561098552,10.0
fixed_test,3,3,7,"ac370000, ac370442",0.0074826474351459464,5.0
fixed_test,3,3,8,"ac370000, ac370442, ac370443",0.007350071053001728,6.0
fixed_test,3,3,9,"ac370442, ac370443",-0.00048414069566617336,9.0
fixed_test,3,4,0,"370407, ac370000",0.016665761438785356,3.0
fixed_test,3,4,1,"ac370000, ac370419",0.02057654780290563,1.0
fixed_test,3,4,2,"370407, ac370000, ac370419",0.0172653861451086,2.0
fixed_test,3,4,3,"370407, ac370419",-0.001352325540529654,8.0
fixed_test,3,4,4,"ac370000, ac370443",0.0066736117809546676,7.0
fixed_test,3,4,5,"ac370000, ac370419, ac370443",0.013603729615348035,4.0
fixed_test,3,4,6,"ac370419, ac370443",-0.00152164372949474,9.0
fixed_test,3,4,7,"ac370000, ac370442",0.009639142012045054,6.0
fixed_test,3,4,8,"ac370000, ac370442, ac370443",0.01114749221911638,5.0
fixed_test,3,4,9,"ac370442, ac370443",-0.0022023553690707267,10.0
fixed_test,3,5,0,"370407, ac370000",0.00934912640045102,4.0
fixed_test,3,5,1,"ac370000, ac370419",0.007130435980267908,6.0
fixed_test,3,5,2,"370407, ac370000, ac370419",0.012256929923842478,2.0
fixed_test,3,5,3,"370407, ac370419",-0.0009223874933168133,8.0
fixed_test,3,5,4,"ac370000, ac370443",0.00542922532123144,7.0
fixed_test,3,5,5,"ac370000, ac370419, ac370443",0.009757537489579575,3.0
fixed_test,3,5,6,"ac370419, ac370443",-0.0018784854877864133,10.0
fixed_test,3,5,7,"ac370000, ac370442",0.00846379106446384,5.0
fixed_test,3,5,8,"ac370000, ac370442, ac370443",0.012350644968497913,1.0
fixed_test,3,5,9,"ac370442, ac370443",-0.0012391838158849733,9.0
fixed_test,3,6,0,"370407, ac370000",0.017261700120655765,1.0
fixed_test,3,6,1,"ac370000, ac370419",0.01596734889986756,2.0
fixed_test,3,6,2,"370407, ac370000, ac370419",0.013805169883702421,3.0
fixed_test,3,6,3,"370407, ac370419",0.00311928925783088,9.0
fixed_test,3,6,4,"ac370000, ac370443",0.008702396488551374,7.0
fixed_test,3,6,5,"ac370000, ac370419, ac370443",0.012122266985871526,6.0
fixed_test,3,6,6,"ac370419, ac370443",0.0032462536399110397,8.0
fixed_test,3,6,7,"ac370000, ac370442",0.01249747069966428,5.0
fixed_test,3,6,8,"ac370000, ac370442, ac370443",0.01357550741180996,4.0
fixed_test,3,6,9,"ac370442, ac370443",5.714590040990001e-05,10.0
fixed_test,3,7,0,"370407, ac370000",0.007356399906893547,7.0
fixed_test,3,7,1,"ac370000, ac370419",0.01342008738261676,1.0
fixed_test,3,7,2,"370407, ac370000, ac370419",0.01007534415377979,6.0
fixed_test,3,7,3,"370407, ac370419",0.0020955634105230873,8.0
fixed_test,3,7,4,"ac370000, ac370443",0.010149156778125366,5.0
fixed_test,3,7,5,"ac370000, ac370419, ac370443",0.01065090276553569,3.0
fixed_test,3,7,6,"ac370419, ac370443",-0.0022148305496777734,10.0
fixed_test,3,7,7,"ac370000, ac370442",0.010456905552827854,4.0
fixed_test,3,7,8,"ac370000, ac370442, ac370443",0.011157912073429754,2.0
fixed_test,3,7,9,"ac370442, ac370443",-0.00034714903926813355,9.0
fixed_test,3,8,0,"370407, ac370000",0.011557811549872093,1.0
fixed_test,3,8,1,"ac370000, ac370419",0.008138060406193985,3.0
fixed_test,3,8,2,"370407, ac370000, ac370419",0.006526346867876426,6.0
fixed_test,3,8,3,"370407, ac370419",0.0038627997712811332,7.0
fixed_test,3,8,4,"ac370000, ac370443",0.006711986066555658,5.0
fixed_test,3,8,5,"ac370000, ac370419, ac370443",0.006747571388525192,4.0
fixed_test,3,8,6,"ac370419, ac370443",0.00054579890389402,9.0
fixed_test,3,8,7,"ac370000, ac370442",0.008146543506869514,2.0
fixed_test,3,8,8,"ac370000, ac370442, ac370443",0.0030195059774912932,8.0
fixed_test,3,8,9,"ac370442, ac370443",-0.0021829314866052664,10.0
fixed_test,3,9,0,"370407, ac370000",0.01459652644196968,7.0
fixed_test,3,9,1,"ac370000, ac370419",0.016482369023282796,5.0
fixed_test,3,9,2,"370407, ac370000, ac370419",0.021490208140553874,1.0
fixed_test,3,9,3,"370407, ac370419",0.002747203739358867,8.0
fixed_test,3,9,4,"ac370000, ac370443",0.016084918199631874,6.0
fixed_test,3,9,5,"ac370000, ac370419, ac370443",0.020127142335750393,2.0
fixed_test,3,9,6,"ac370419, ac370443",0.0007377626855712197,10.0
fixed_test,3,9,7,"ac370000, ac370442",0.01679515599756004,4.0
fixed_test,3,9,8,"ac370000, ac370442, ac370443",0.0169711603142464,3.0
fixed_test,3,9,9,"ac370442, ac370443",0.001310391924026827,9.0
fixed_test,5,0,0,"370407, ac370000",0.01157702283741172,4.0
fixed_test,5,0,1,"ac370000, ac370419",0.011063535524387238,6.0
fixed_test,5,0,2,"370407, ac370000, ac370419",0.013124628293824851,2.0
fixed_test,5,0,3,"370407, ac370419",0.000643848525907796,8.0
fixed_test,5,0,4,"ac370000, ac370443",0.00899439701140352,7.0
fixed_test,5,0,5,"ac370000, ac370419, ac370443",0.01387492069886704,1.0
fixed_test,5,0,6,"ac370419, ac370443",-0.002010748701922388,9.0
fixed_test,5,0,7,"ac370000, ac370442",0.011133393756545934,5.0
fixed_test,5,0,8,"ac370000, ac370442, ac370443",0.011624828159666218,3.0
fixed_test,5,0,9,"ac370442, ac370443",-0.002152962950940932,10.0
fixed_test,5,1,0,"370407, ac370000",0.018113478282925033,4.0
fixed_test,5,1,1,"ac370000, ac370419",0.024335258864214553,1.0
fixed_test,5,1,2,"370407, ac370000, ac370419",0.019163569815949164,3.0
fixed_test,5,1,3,"370407, ac370419",0.0048454309405906275,8.0
fixed_test,5,1,4,"ac370000, ac370443",0.015258053625423445,6.0
fixed_test,5,1,5,"ac370000, ac370419, ac370443",0.019173516284825613,2.0
fixed_test,5,1,6,"ac370419, ac370443",0.0013278455527998318,9.0
fixed_test,5,1,7,"ac370000, ac370442",0.015043841265871756,7.0
fixed_test,5,1,8,"ac370000, ac370442, ac370443",0.01605230268379664,5.0
fixed_test,5,1,9,"ac370442, ac370443",-0.0018609444592335882,10.0
fixed_test,5,2,0,"370407, ac370000",0.006307755162681767,6.0
fixed_test,5,2,1,"ac370000, ac370419",0.008052510168629082,5.0
fixed_test,5,2,2,"370407, ac370000, ac370419",0.00813210213593926,4.0
fixed_test,5,2,3,"370407, ac370419",0.004464073518983524,8.0
fixed_test,5,2,4,"ac370000, ac370443",0.0062937805320806926,7.0
fixed_test,5,2,5,"ac370000, ac370419, ac370443",0.009042594648905689,3.0
fixed_test,5,2,6,"ac370419, ac370443",0.003162814067421469,9.0
fixed_test,5,2,7,"ac370000, ac370442",0.010110289886238308,2.0
fixed_test,5,2,8,"ac370000, ac370442, ac370443",0.011549507289393022,1.0
fixed_test,5,2,9,"ac370442, ac370443",0.0011327336220091318,10.0
fixed_test,5,3,0,"370407, ac370000",0.008767730476419818,6.0
fixed_test,5,3,1,"ac370000, ac370419",0.010226439897474637,3.0
fixed_test,5,3,2,"370407, ac370000, ac370419",0.0141784163319982,1.0
fixed_test,5,3,3,"370407, ac370419",0.0021999637800213683,8.0
fixed_test,5,3,4,"ac370000, ac370443",0.00988706172198424,4.0
fixed_test,5,3,5,"ac370000, ac370419, ac370443",0.012145339923265068,2.0
fixed_test,5,3,6,"ac370419, ac370443",-0.002341493561475356,10.0
fixed_test,5,3,7,"ac370000, ac370442",0.00877780596547404,5.0
fixed_test,5,3,8,"ac370000, ac370442, ac370443",0.00766795319398448,7.0
fixed_test,5,3,9,"ac370442, ac370443",-0.001860021153213832,9.0
fixed_test,5,4,0,"370407, ac370000",0.01502918702689256,3.0
fixed_test,5,4,1,"ac370000, ac370419",0.019127578621057535,1.0
fixed_test,5,4,2,"370407, ac370000, ac370419",0.01637371858900967,2.0
fixed_test,5,4,3,"370407, ac370419",-0.001140093574479648,8.0
fixed_test,5,4,4,"ac370000, ac370443",0.008314895476952551,7.0
fixed_test,5,4,5,"ac370000, ac370419, ac370443",0.014547300307180586,4.0
fixed_test,5,4,6,"ac370419, ac370443",-0.0027080215089882844,9.0
fixed_test,5,4,7,"ac370000, ac370442",0.010995196327694039,6.0
fixed_test,5,4,8,"ac370000, ac370442, ac370443",0.011762077736575324,5.0
fixed_test,5,4,9,"ac370442, ac370443",-0.0027644482690333204,10.0
fixed_test,5,5,0,"370407, ac370000",0.007774760808425509,6.0
fixed_test,5,5,1,"ac370000, ac370419",0.008195787218013263,5.0
fixed_test,5,5,2,"370407, ac370000, ac370419",0.011625573538296685,1.0
fixed_test,5,5,3,"370407, ac370419",-0.0008169937303543281,8.0
fixed_test,5,5,4,"ac370000, ac370443",0.005514785114588195,7.0
fixed_test,5,5,5,"ac370000, ac370419, ac370443",0.010324697971516673,3.0
fixed_test,5,5,6,"ac370419, ac370443",-0.002476872698336392,10.0
fixed_test,5,5,7,"ac370000, ac370442",0.0089236221547779,4.0
fixed_test,5,5,8,"ac370000, ac370442, ac370443",0.011609785803706077,2.0
fixed_test,5,5,9,"ac370442, ac370443",-0.001789346076259628,9.0
fixed_test,5,6,0,"370407, ac370000",0.016407190837164885,1.0
fixed_test,5,6,1,"ac370000, ac370419",0.014094436261853964,3.0
fixed_test,5,6,2,"370407, ac370000, ac370419",0.01573237198898129,2.0
fixed_test,5,6,3,"370407, ac370419",0.004050687156616059,8.0
fixed_test,5,6,4,"ac370000, ac370443",0.010240341921534668,7.0
fixed_test,5,6,5,"ac370000, ac370419, ac370443",0.010622258763604932,6.0
fixed_test,5,6,6,"ac370419, ac370443",0.002620276171659511,9.0
fixed_test,5,6,7,"ac370000, ac370442",0.013726928467387933,4.0
fixed_test,5,6,8,"ac370000, ac370442, ac370443",0.013549101994291324,5.0
fixed_test,5,6,9,"ac370442, ac370443",0.00013245371285435602,10.0
fixed_test,5,7,0,"370407, ac370000",0.009532671679357334,5.0
fixed_test,5,7,1,"ac370000, ac370419",0.01282618230067269,1.0
fixed_test,5,7,2,"370407, ac370000, ac370419",0.009323283808241262,6.0
fixed_test,5,7,3,"370407, ac370419",0.00018768647530027218,8.0
fixed_test,5,7,4,"ac370000, ac370443",0.008749383205172892,7.0
fixed_test,5,7,5,"ac370000, ac370419, ac370443",0.012825363335077748,2.0
fixed_test,5,7,6,"ac370419, ac370443",-0.00018989744612173196,9.0
fixed_test,5,7,7,"ac370000, ac370442",0.01022256315208368,4.0
fixed_test,5,7,8,"ac370000, ac370442, ac370443",0.010355348284689021,3.0
fixed_test,5,7,9,"ac370442, ac370443",-0.0007801886836692201,10.0
fixed_test,5,8,0,"370407, ac370000",0.010970401770554038,1.0
fixed_test,5,8,1,"ac370000, ac370419",0.0093932389396579,2.0
fixed_test,5,8,2,"370407, ac370000, ac370419",0.00920995334643009,3.0
fixed_test,5,8,3,"370407, ac370419",0.0036580348870933516,8.0
fixed_test,5,8,4,"ac370000, ac370443",0.006936519281974537,6.0
fixed_test,5,8,5,"ac370000, ac370419, ac370443",0.007766929120309304,4.0
fixed_test,5,8,6,"ac370419, ac370443",-0.00018601071902148,9.0
fixed_test,5,8,7,"ac370000, ac370442",0.00765668963943142,5.0
fixed_test,5,8,8,"ac370000, ac370442, ac370443",0.0058281557069561505,7.0
fixed_test,5,8,9,"ac370442, ac370443",-0.0006553385842285518,10.0
fixed_test,5,9,0,"370407, ac370000",0.015661666612090234,5.0
fixed_test,5,9,1,"ac370000, ac370419",0.019633284398223518,3.0
fixed_test,5,9,2,"370407, ac370000, ac370419",0.019836044057473086,1.0
fixed_test,5,9,3,"370407, ac370419",0.0028581935121641797,8.0
fixed_test,5,9,4,"ac370000, ac370443",0.015944260040966714,4.0
fixed_test,5,9,5,"ac370000, ac370419, ac370443",0.015645454146345262,6.0
fixed_test,5,9,6,"ac370419, ac370443",0.0014210259464108716,10.0
fixed_test,5,9,7,"ac370000, ac370442",0.015569351863007185,7.0
fixed_test,5,9,8,"ac370000, ac370442, ac370443",0.019736931878672107,2.0
fixed_test,5,9,9,"ac370442, ac370443",0.001734880730166404,9.0
fixed_test,10,0,0,"370407, ac370000",0.01193157077801686,4.0
fixed_test,10,0,1,"ac370000, ac370419",0.012477743065583287,3.0
fixed_test,10,0,2,"370407, ac370000, ac370419",0.013003356160555944,1.0
fixed_test,10,0,3,"370407, ac370419",0.0014314483925746463,8.0
fixed_test,10,0,4,"ac370000, ac370443",0.01069275826327136,6.0
fixed_test,10,0,5,"ac370000, ac370419, ac370443",0.012891512896589455,2.0
fixed_test,10,0,6,"ac370419, ac370443",-0.002437959624160726,9.0
fixed_test,10,0,7,"ac370000, ac370442",0.011756259880491646,5.0
fixed_test,10,0,8,"ac370000, ac370442, ac370443",0.010638728643080495,7.0
fixed_test,10,0,9,"ac370442, ac370443",-0.002714023338251616,10.0
fixed_test,10,1,0,"370407, ac370000",0.01941473871824862,3.0
fixed_test,10,1,1,"ac370000, ac370419",0.021852558217220906,1.0
fixed_test,10,1,2,"370407, ac370000, ac370419",0.018721702648899965,4.0
fixed_test,10,1,3,"370407, ac370419",0.0045263334828252,8.0
fixed_test,10,1,4,"ac370000, ac370443",0.013141452907248804,7.0
fixed_test,10,1,5,"ac370000, ac370419, ac370443",0.019935404402810383,2.0
fixed_test,10,1,6,"ac370419, ac370443",0.00165920831137505,9.0
fixed_test,10,1,7,"ac370000, ac370442",0.014071434565653488,6.0
fixed_test,10,1,8,"ac370000, ac370442, ac370443",0.016012807304977963,5.0
fixed_test,10,1,9,"ac370442, ac370443",-0.0007413854461148443,10.0
fixed_test,10,2,0,"370407, ac370000",0.0077108780897510755,4.0
fixed_test,10,2,1,"ac370000, ac370419",0.0061563105909015915,7.0
fixed_test,10,2,2,"370407, ac370000, ac370419",0.010281149337578021,1.0
fixed_test,10,2,3,"370407, ac370419",0.003462406696662779,8.0
fixed_test,10,2,4,"ac370000, ac370443",0.00636918768790593,6.0
fixed_test,10,2,5,"ac370000, ac370419, ac370443",0.00743646597996606,5.0
fixed_test,10,2,6,"ac370419, ac370443",0.0020339093392315747,9.0
fixed_test,10,2,7,"ac370000, ac370442",0.008397211506129423,3.0
fixed_test,10,2,8,"ac370000, ac370442, ac370443",0.00966408005397319,2.0
fixed_test,10,2,9,"ac370442, ac370443",0.0014106994582899163,10.0
fixed_test,10,3,0,"370407, ac370000",0.01065277437895195,3.0
fixed_test,10,3,1,"ac370000, ac370419",0.009787036613833257,5.0
fixed_test,10,3,2,"370407, ac370000, ac370419",0.014202426590076155,1.0
fixed_test,10,3,3,"370407, ac370419",0.0025036808689328383,8.0
fixed_test,10,3,4,"ac370000, ac370443",0.009995276696128657,4.0
fixed_test,10,3,5,"ac370000, ac370419, ac370443",0.012538136422824555,2.0
fixed_test,10,3,6,"ac370419, ac370443",-0.0015498445262888882,9.0
fixed_test,10,3,7,"ac370000, ac370442",0.008680165330435528,7.0
fixed_test,10,3,8,"ac370000, ac370442, ac370443",0.008692500373695355,6.0
fixed_test,10,3,9,"ac370442, ac370443",-0.0018007376994638158,10.0
fixed_test,10,4,0,"370407, ac370000",0.013741198124859157,4.0
fixed_test,10,4,1,"ac370000, ac370419",0.018836927037194865,1.0
fixed_test,10,4,2,"370407, ac370000, ac370419",0.015801264129607015,2.0
fixed_test,10,4,3,"370407, ac370419",-0.0014632765123912977,8.0
fixed_test,10,4,4,"ac370000, ac370443",0.007863570834849527,7.0
fixed_test,10,4,5,"ac370000, ac370419, ac370443",0.014624947323714044,3.0
fixed_test,10,4,6,"ac370419, ac370443",-0.0017852141520001608,9.0
fixed_test,10,4,7,"ac370000, ac370442",0.010811035588302438,6.0
fixed_test,10,4,8,"ac370000, ac370442, ac370443",0.012431860948765416,5.0
fixed_test,10,4,9,"ac370442, ac370443",-0.002772954038721562,10.0
fixed_test,10,5,0,"370407, ac370000",0.007147537648559895,7.0
fixed_test,10,5,1,"ac370000, ac370419",0.009980328786868197,4.0
fixed_test,10,5,2,"370407, ac370000, ac370419",0.011750291837647813,1.0
fixed_test,10,5,3,"370407, ac370419",-0.0016584282613752045,8.0
fixed_test,10,5,4,"ac370000, ac370443",0.008611883862075443,5.0
fixed_test,10,5,5,"ac370000, ac370419, ac370443",0.011740893361044492,2.0
fixed_test,10,5,6,"ac370419, ac370443",-0.002495755656259654,10.0
fixed_test,10,5,7,"ac370000, ac370442",0.008012956463866103,6.0
fixed_test,10,5,8,"ac370000, ac370442, ac370443",0.010269282051374512,3.0
fixed_test,10,5,9,"ac370442, ac370443",-0.0022086185961428,9.0
fixed_test,10,6,0,"370407, ac370000",0.01748049192662568,1.0
fixed_test,10,6,1,"ac370000, ac370419",0.014436196064612493,3.0
fixed_test,10,6,2,"370407, ac370000, ac370419",0.016054012833640746,2.0
fixed_test,10,6,3,"370407, ac370419",0.004138830020645741,8.0
fixed_test,10,6,4,"ac370000, ac370443",0.011391491305691557,7.0
fixed_test,10,6,5,"ac370000, ac370419, ac370443",0.011455157119432267,6.0
fixed_test,10,6,6,"ac370419, ac370443",0.002851065948669514,9.0
fixed_test,10,6,7,"ac370000, ac370442",0.014027717621554876,5.0
fixed_test,10,6,8,"ac370000, ac370442, ac370443",0.014378125901424576,4.0
fixed_test,10,6,9,"ac370442, ac370443",0.0011189999363308315,10.0
fixed_test,10,7,0,"370407, ac370000",0.010659941056069468,4.0
fixed_test,10,7,1,"ac370000, ac370419",0.01274896932428257,1.0
fixed_test,10,7,2,"370407, ac370000, ac370419",0.00961570835110508,6.0
fixed_test,10,7,3,"370407, ac370419",0.00022744139047604995,8.0
fixed_test,10,7,4,"ac370000, ac370443",0.008510972693894286,7.0
fixed_test,10,7,5,"ac370000, ac370419, ac370443",0.011110762048839224,3.0
fixed_test,10,7,6,"ac370419, ac370443",0.0001595817033713999,9.0
fixed_test,10,7,7,"ac370000, ac370442",0.010105277043715484,5.0
fixed_test,10,7,8,"ac370000, ac370442, ac370443",0.011790295540482448,2.0
fixed_test,10,7,9,"ac370442, ac370443",-0.0007852066228095938,10.0
fixed_test,10,8,0,"370407, ac370000",0.009940839134097124,2.0
fixed_test,10,8,1,"ac370000, ac370419",0.009759355398304876,3.0
fixed_test,10,8,2,"370407, ac370000, ac370419",0.010115332953213523,1.0
fixed_test,10,8,3,"370407, ac370419",0.0035151379926247088,8.0
fixed_test,10,8,4,"ac370000, ac370443",0.006878954316890857,7.0
fixed_test,10,8,5,"ac370000, ac370419, ac370443",0.007717197519557015,5.0
fixed_test,10,8,6,"ac370419, ac370443",0.0006065451523937538,9.0
fixed_test,10,8,7,"ac370000, ac370442",0.008340696929900464,4.0
fixed_test,10,8,8,"ac370000, ac370442, ac370443",0.007063178682779404,6.0
fixed_test,10,8,9,"ac370442, ac370443",-0.001059627634694558,10.0
fixed_test,10,9,0,"370407, ac370000",0.014592803840161473,7.0
fixed_test,10,9,1,"ac370000, ac370419",0.018239019848386287,2.0
fixed_test,10,9,2,"370407, ac370000, ac370419",0.01950930921115517,1.0
fixed_test,10,9,3,"370407, ac370419",0.0032242963746590427,8.0
fixed_test,10,9,4,"ac370000, ac370443",0.017812079521369272,4.0
fixed_test,10,9,5,"ac370000, ac370419, ac370443",0.01537141343902742,5.0
fixed_test,10,9,6,"ac370419, ac370443",0.0019516878603974457,9.0
fixed_test,10,9,7,"ac370000, ac370442",0.01514257278961268,6.0
fixed_test,10,9,8,"ac370000, ac370442, ac370443",0.017851334264395117,3.0
fixed_test,10,9,9,"ac370442, ac370443",0.0015040896612977359,10.0
fixed_train,3,0,0,"370407, ac370000",0.040467748713276595,1.0
fixed_train,3,0,1,"ac370000, ac370419",0.03800928808659918,3.0
fixed_train,3,0,2,"370407, ac370000, ac370419",0.038384348775909335,2.0
fixed_train,3,0,3,"370407, ac370419",0.017284719736671356,8.0
fixed_train,3,0,4,"ac370000, ac370443",0.030668779029601374,7.0
fixed_train,3,0,5,"ac370000, ac370419, ac370443",0.035310067163542964,4.0
fixed_train,3,0,6,"ac370419, ac370443",0.01385300839965714,9.0
fixed_train,3,0,7,"ac370000, ac370442",0.03123753748461205,6.0
fixed_train,3,0,8,"ac370000, ac370442, ac370443",0.03305371832228396,5.0
fixed_train,3,0,9,"ac370442, ac370443",0.011618841779272367,10.0
fixed_train,3,1,0,"370407, ac370000",0.03747593165446402,2.0
fixed_train,3,1,1,"ac370000, ac370419",0.037216536585326435,3.0
fixed_train,3,1,2,"370407, ac370000, ac370419",0.03993835918854437,1.0
fixed_train,3,1,3,"370407, ac370419",0.017791203222767844,8.0
fixed_train,3,1,4,"ac370000, ac370443",0.029503112792834525,7.0
fixed_train,3,1,5,"ac370000, ac370419, ac370443",0.03485281345114059,4.0
fixed_train,3,1,6,"ac370419, ac370443",0.013407525628818938,9.0
fixed_train,3,1,7,"ac370000, ac370442",0.03141763345527907,6.0
fixed_train,3,1,8,"ac370000, ac370442, ac370443",0.03199371535312087,5.0
fixed_train,3,1,9,"ac370442, ac370443",0.009124697157066422,10.0
fixed_train,3,2,0,"370407, ac370000",0.036318102034669265,1.0
fixed_train,3,2,1,"ac370000, ac370419",0.03516152423522873,2.0
fixed_train,3,2,2,"370407, ac370000, ac370419",0.03402768660019651,3.0
fixed_train,3,2,3,"370407, ac370419",0.01898367433699257,8.0
fixed_train,3,2,4,"ac370000, ac370443",0.02879788788111071,7.0
fixed_train,3,2,5,"ac370000, ac370419, ac370443",0.03212770384383028,4.0
fixed_train,3,2,6,"ac370419, ac370443",0.011938574288709267,9.0
fixed_train,3,2,7,"ac370000, ac370442",0.02895925591635078,6.0
fixed_train,3,2,8,"ac370000, ac370442, ac370443",0.02952221245523175,5.0
fixed_train,3,2,9,"ac370442, ac370443",0.009643046798471161,10.0
fixed_train,3,3,0,"370407, ac370000",0.037364297502523694,3.0
fixed_train,3,3,1,"ac370000, ac370419",0.03844923931332749,2.0
fixed_train,3,3,2,"370407, ac370000, ac370419",0.04434472346593216,1.0
fixed_train,3,3,3,"370407, ac370419",0.019998658278978957,8.0
fixed_train,3,3,4,"ac370000, ac370443",0.03074189891947697,7.0
fixed_train,3,3,5,"ac370000, ac370419, ac370443",0.03515139822908734,4.0
fixed_train,3,3,6,"ac370419, ac370443",0.014397362072363785,9.0
fixed_train,3,3,7,"ac370000, ac370442",0.030869873998195862,6.0
fixed_train,3,3,8,"ac370000, ac370442, ac370443",0.03318627738997146,5.0
fixed_train,3,3,9,"ac370442, ac370443",0.010278119182487005,10.0
fixed_train,3,4,0,"370407, ac370000",0.039469894660776265,2.0
fixed_train,3,4,1,"ac370000, ac370419",0.03998513860155431,1.0
fixed_train,3,4,2,"370407, ac370000, ac370419",0.03929313821992327,3.0
fixed_train,3,4,3,"370407, ac370419",0.018301462539142777,8.0
fixed_train,3,4,4,"ac370000, ac370443",0.030002788549626732,7.0
fixed_train,3,4,5,"ac370000, ac370419, ac370443",0.03502857249697442,4.0
fixed_train,3,4,6,"ac370419, ac370443",0.012100246823409343,9.0
fixed_train,3,4,7,"ac370000, ac370442",0.03002579028359253,6.0
fixed_train,3,4,8,"ac370000, ac370442, ac370443",0.03284913076576313,5.0
fixed_train,3,4,9,"ac370442, ac370443",0.009436950848602972,10.0
fixed_train,3,5,0,"370407, ac370000",0.03912097939426494,2.0
fixed_train,3,5,1,"ac370000, ac370419",0.037419806700873054,3.0
fixed_train,3,5,2,"370407, ac370000, ac370419",0.041174746565291506,1.0
fixed_train,3,5,3,"370407, ac370419",0.01809030170256842,8.0
fixed_train,3,5,4,"ac370000, ac370443",0.02853694895874396,7.0
fixed_train,3,5,5,"ac370000, ac370419, ac370443",0.033960498750354895,4.0
fixed_train,3,5,6,"ac370419, ac370443",0.01317154811470148,9.0
fixed_train,3,5,7,"ac370000, ac370442",0.029786506658583543,6.0
fixed_train,3,5,8,"ac370000, ac370442, ac370443",0.033275837311351295,5.0
fixed_train,3,5,9,"ac370442, ac370443",0.010091552587864505,10.0
fixed_train,3,6,0,"370407, ac370000",0.040047942543146614,2.0
fixed_train,3,6,1,"ac370000, ac370419",0.037045071380189955,3.0
fixed_train,3,6,2,"370407, ac370000, ac370419",0.040948542386148,1.0
fixed_train,3,6,3,"370407, ac370419",0.01684358674163687,8.0
fixed_train,3,6,4,"ac370000, ac370443",0.028721153790687057,7.0
fixed_train,3,6,5,"ac370000, ac370419, ac370443",0.033776887239147145,5.0
fixed_train,3,6,6,"ac370419, ac370443",0.014156013367925832,9.0
fixed_train,3,6,7,"ac370000, ac370442",0.03184191777108681,6.0
fixed_train,3,6,8,"ac370000, ac370442, ac370443",0.03552216378208692,4.0
fixed_train,3,6,9,"ac370442, ac370443",0.010692288640523299,10.0
fixed_train,3,7,0,"370407, ac370000",0.03689040891381788,3.0
fixed_train,3,7,1,"ac370000, ac370419",0.03750071047462327,1.0
fixed_train,3,7,2,"370407, ac370000, ac370419",0.03716669209780374,2.0
fixed_train,3,7,3,"370407, ac370419",0.019974587196813786,8.0
fixed_train,3,7,4,"ac370000, ac370443",0.02951421580810486,6.0
fixed_train,3,7,5,"ac370000, ac370419, ac370443",0.03446123268850856,4.0
fixed_train,3,7,6,"ac370419, ac370443",0.014605335468713173,9.0
fixed_train,3,7,7,"ac370000, ac370442",0.028696953973004667,7.0
fixed_train,3,7,8,"ac370000, ac370442, ac370443",0.03170667702636672,5.0
fixed_train,3,7,9,"ac370442, ac370443",0.010999172956226606,10.0
fixed_train,3,8,0,"370407, ac370000",0.0361549083573997,2.0
fixed_train,3,8,1,"ac370000, ac370419",0.032872075683303845,3.0
fixed_train,3,8,2,"370407, ac370000, ac370419",0.03619149948317015,1.0
fixed_train,3,8,3,"370407, ac370419",0.01843029285906111,8.0
fixed_train,3,8,4,"ac370000, ac370443",0.029027058719518876,6.0
fixed_train,3,8,5,"ac370000, ac370419, ac370443",0.03105307816907367,4.0
fixed_train,3,8,6,"ac370419, ac370443",0.01359829468453896,9.0
fixed_train,3,8,7,"ac370000, ac370442",0.02697521834299848,7.0
fixed_train,3,8,8,"ac370000, ac370442, ac370443",0.03075552398975078,5.0
fixed_train,3,8,9,"ac370442, ac370443",0.010162814867282115,10.0
fixed_train,3,9,0,"370407, ac370000",0.04121969839096946,1.0
fixed_train,3,9,1,"ac370000, ac370419",0.038618916714965104,3.0
fixed_train,3,9,2,"370407, ac370000, ac370419",0.040494742889180764,2.0
fixed_train,3,9,3,"370407, ac370419",0.017767255713615853,8.0
fixed_train,3,9,4,"ac370000, ac370443",0.03204849349891872,7.0
fixed_train,3,9,5,"ac370000, ac370419, ac370443",0.03709475141179299,4.0
fixed_train,3,9,6,"ac370419, ac370443",0.014316401409264302,9.0
fixed_train,3,9,7,"ac370000, ac370442",0.033829347330065374,6.0
fixed_train,3,9,8,"ac370000, ac370442, ac370443",0.03420374685713478,5.0
fixed_train,3,9,9,"ac370442, ac370443",0.010700344015283421,10.0
fixed_train,5,0,0,"370407, ac370000",0.04050154047872777,1.0
fixed_train,5,0,1,"ac370000, ac370419",0.03904548193809339,2.0
fixed_train,5,0,2,"370407, ac370000, ac370419",0.0389416428447703,3.0
fixed_train,5,0,3,"370407, ac370419",0.017876887417529262,8.0
fixed_train,5,0,4,"ac370000, ac370443",0.030675540056746352,7.0
fixed_train,5,0,5,"ac370000, ac370419, ac370443",0.03482006060868982,4.0
fixed_train,5,0,6,"ac370419, ac370443",0.013424125319366726,9.0
fixed_train,5,0,7,"ac370000, ac370442",0.031576077987990774,6.0
fixed_train,5,0,8,"ac370000, ac370442, ac370443",0.03310723592602155,5.0
fixed_train,5,0,9,"ac370442, ac370443",0.011209747691144165,10.0
fixed_train,5,1,0,"370407, ac370000",0.03757265295947421,3.0
fixed_train,5,1,1,"ac370000, ac370419",0.03759946624135682,2.0
fixed_train,5,1,2,"370407, ac370000, ac370419",0.03983116126152231,1.0
fixed_train,5,1,3,"370407, ac370419",0.01745266895949841,8.0
fixed_train,5,1,4,"ac370000, ac370443",0.029394115731009335,7.0
fixed_train,5,1,5,"ac370000, ac370419, ac370443",0.03438359832551866,4.0
fixed_train,5,1,6,"ac370419, ac370443",0.0137984391425136,9.0
fixed_train,5,1,7,"ac370000, ac370442",0.031145158534025517,5.0
fixed_train,5,1,8,"ac370000, ac370442, ac370443",0.030810872945870992,6.0
fixed_train,5,1,9,"ac370442, ac370443",0.00958497066172255,10.0
fixed_train,5,2,0,"370407, ac370000",0.03607062688654019,1.0
fixed_train,5,2,1,"ac370000, ac370419",0.03516508528786958,2.0
fixed_train,5,2,2,"370407, ac370000, ac370419",0.03473630296652535,3.0
fixed_train,5,2,3,"370407, ac370419",0.01931717059503575,8.0
fixed_train,5,2,4,"ac370000, ac370443",0.02990891177222443,6.0
fixed_train,5,2,5,"ac370000, ac370419, ac370443",0.03231117924314827,4.0
fixed_train,5,2,6,"ac370419, ac370443",0.01286949650105187,9.0
fixed_train,5,2,7,"ac370000, ac370442",0.029142766108893093,7.0
fixed_train,5,2,8,"ac370000, ac370442, ac370443",0.030400546279784835,5.0
fixed_train,5,2,9,"ac370442, ac370443",0.009982161583794929,10.0
fixed_train,5,3,0,"370407, ac370000",0.03767370939122178,2.0
fixed_train,5,3,1,"ac370000, ac370419",0.03727181154912817,3.0
fixed_train,5,3,2,"370407, ac370000, ac370419",0.042601776051444266,1.0
fixed_train,5,3,3,"370407, ac370419",0.019274766210631785,8.0
fixed_train,5,3,4,"ac370000, ac370443",0.031659075539688046,6.0
fixed_train,5,3,5,"ac370000, ac370419, ac370443",0.03508697741685811,4.0
fixed_train,5,3,6,"ac370419, ac370443",0.014261631449853804,9.0
fixed_train,5,3,7,"ac370000, ac370442",0.031147184798568074,7.0
fixed_train,5,3,8,"ac370000, ac370442, ac370443",0.03230246369627172,5.0
fixed_train,5,3,9,"ac370442, ac370443",0.009950023916844833,10.0
fixed_train,5,4,0,"370407, ac370000",0.03958882829367087,1.0
fixed_train,5,4,1,"ac370000, ac370419",0.03957435649338039,2.0
fixed_train,5,4,2,"370407, ac370000, ac370419",0.03920314695082969,3.0
fixed_train,5,4,3,"370407, ac370419",0.019080790131984215,8.0
fixed_train,5,4,4,"ac370000, ac370443",0.028999645213425733,7.0
fixed_train,5,4,5,"ac370000, ac370419, ac370443",0.03530906485890362,4.0
fixed_train,5,4,6,"ac370419, ac370443",0.012692754965219205,9.0
fixed_train,5,4,7,"ac370000, ac370442",0.030882100018024664,6.0
fixed_train,5,4,8,"ac370000, ac370442, ac370443",0.03318939120827268,5.0
fixed_train,5,4,9,"ac370442, ac370443",0.00971862541985908,10.0
fixed_train,5,5,0,"370407, ac370000",0.04006940313695204,2.0
fixed_train,5,5,1,"ac370000, ac370419",0.03681013932589408,3.0
fixed_train,5,5,2,"370407, ac370000, ac370419",0.04083740825185277,1.0
fixed_train,5,5,3,"370407, ac370419",0.01891773214004758,8.0
fixed_train,5,5,4,"ac370000, ac370443",0.029952298310237057,6.0
fixed_train,5,5,5,"ac370000, ac370419, ac370443",0.03357214149890249,5.0
fixed_train,5,5,6,"ac370419, ac370443",0.013441490794879198,9.0
fixed_train,5,5,7,"ac370000, ac370442",0.029565512584429382,7.0
fixed_train,5,5,8,"ac370000, ac370442, ac370443",0.03370591751537743,4.0
fixed_train,5,5,9,"ac370442, ac370443",0.009748287032108775,10.0
fixed_train,5,6,0,"370407, ac370000",0.04069984590118555,1.0
fixed_train,5,6,1,"ac370000, ac370419",0.037063219519912455,3.0
fixed_train,5,6,2,"370407, ac370000, ac370419",0.040268746369016076,2.0
fixed_train,5,6,3,"370407, ac370419",0.0178394491866241,8.0
fixed_train,5,6,4,"ac370000, ac370443",0.028681478661579156,7.0
fixed_train,5,6,5,"ac370000, ac370419, ac370443",0.034473167506901346,4.0
fixed_train,5,6,6,"ac370419, ac370443",0.014332585835102784,9.0
fixed_train,5,6,7,"ac370000, ac370442",0.03127854415090042,6.0
fixed_train,5,6,8,"ac370000, ac370442, ac370443",0.03405755853229739,5.0
fixed_train,5,6,9,"ac370442, ac370443",0.011073104242244572,10.0
fixed_train,5,7,0,"370407, ac370000",0.038373966856482776,1.0
fixed_train,5,7,1,"ac370000, ac370419",0.03678537385002306,2.0
fixed_train,5,7,2,"370407, ac370000, ac370419",0.03676191165926905,3.0
fixed_train,5,7,3,"370407, ac370419",0.020824811004736602,8.0
fixed_train,5,7,4,"ac370000, ac370443",0.029543179835036654,6.0
fixed_train,5,7,5,"ac370000, ac370419, ac370443",0.034446870878263425,4.0
fixed_train,5,7,6,"ac370419, ac370443",0.01428931660778708,9.0
fixed_train,5,7,7,"ac370000, ac370442",0.029017689087150415,7.0
fixed_train,5,7,8,"ac370000, ac370442, ac370443",0.03206432716628211,5.0
fixed_train,5,7,9,"ac370442, ac370443",0.011154187938409168,10.0
fixed_train,5,8,0,"370407, ac370000",0.03654490803833797,1.0
fixed_train,5,8,1,"ac370000, ac370419",0.03248842297752493,3.0
fixed_train,5,8,2,"370407, ac370000, ac370419",0.03624775078761927,2.0
fixed_train,5,8,3,"370407, ac370419",0.018037802747914236,8.0
fixed_train,5,8,4,"ac370000, ac370443",0.029029670536017366,6.0
fixed_train,5,8,5,"ac370000, ac370419, ac370443",0.03129347997781927,4.0
fixed_train,5,8,6,"ac370419, ac370443",0.013774934188949005,9.0
fixed_train,5,8,7,"ac370000, ac370442",0.027479746597583996,7.0
fixed_train,5,8,8,"ac370000, ac370442, ac370443",0.03115978584429285,5.0
fixed_train,5,8,9,"ac370442, ac370443",0.010015032325145215,10.0
fixed_train,5,9,0,"370407, ac370000",0.04017454152291699,2.0
fixed_train,5,9,1,"ac370000, ac370419",0.03937125051443659,3.0
fixed_train,5,9,2,"370407, ac370000, ac370419",0.04111327444558107,1.0
fixed_train,5,9,3,"370407, ac370419",0.017342447475307575,8.0
fixed_train,5,9,4,"ac370000, ac370443",0.03178586809587683,7.0
fixed_train,5,9,5,"ac370000, ac370419, ac370443",0.036066949183234345,4.0
fixed_train,5,9,6,"ac370419, ac370443",0.014304731482557387,9.0
fixed_train,5,9,7,"ac370000, ac370442",0.03407706465425498,5.0
fixed_train,5,9,8,"ac370000, ac370442, ac370443",0.03403400520899162,6.0
fixed_train,5,9,9,"ac370442, ac370443",0.010300798425912923,10.0
fixed_train,10,0,0,"370407, ac370000",0.03888516338545929,1.0
fixed_train,10,0,1,"ac370000, ac370419",0.037890550745352865,3.0
fixed_train,10,0,2,"370407, ac370000, ac370419",0.038404401410183205,2.0
fixed_train,10,0,3,"370407, ac370419",0.018387452888916488,8.0
fixed_train,10,0,4,"ac370000, ac370443",0.030373018696352925,7.0
fixed_train,10,0,5,"ac370000, ac370419, ac370443",0.03466043919398289,4.0
fixed_train,10,0,6,"ac370419, ac370443",0.012960038912630012,9.0
fixed_train,10,0,7,"ac370000, ac370442",0.03120827946729994,6.0
fixed_train,10,0,8,"ac370000, ac370442, ac370443",0.032199271542078634,5.0
fixed_train,10,0,9,"ac370442, ac370443",0.011264078593863656,10.0
fixed_train,10,1,0,"370407, ac370000",0.037787258984281015,2.0
fixed_train,10,1,1,"ac370000, ac370419",0.036499230609445835,3.0
fixed_train,10,1,2,"370407, ac370000, ac370419",0.039560999905483174,1.0
fixed_train,10,1,3,"370407, ac370419",0.017646784321413766,8.0
fixed_train,10,1,4,"ac370000, ac370443",0.028341137512485237,7.0
fixed_train,10,1,5,"ac370000, ac370419, ac370443",0.034605555554875746,4.0
fixed_train,10,1,6,"ac370419, ac370443",0.013474848887958938,9.0
fixed_train,10,1,7,"ac370000, ac370442",0.0306490284392657,6.0
fixed_train,10,1,8,"ac370000, ac370442, ac370443",0.030989921482057592,5.0
fixed_train,10,1,9,"ac370442, ac370443",0.009399380551651002,10.0
fixed_train,10,2,0,"370407, ac370000",0.03518952824087641,1.0
fixed_train,10,2,1,"ac370000, ac370419",0.03472424739185828,3.0
fixed_train,10,2,2,"370407, ac370000, ac370419",0.03484566575691338,2.0
fixed_train,10,2,3,"370407, ac370419",0.019034641574792094,8.0
fixed_train,10,2,4,"ac370000, ac370443",0.029776319590872093,6.0
fixed_train,10,2,5,"ac370000, ac370419, ac370443",0.03223931134354053,4.0
fixed_train,10,2,6,"ac370419, ac370443",0.013190029950377182,9.0
fixed_train,10,2,7,"ac370000, ac370442",0.029678586272695866,7.0
fixed_train,10,2,8,"ac370000, ac370442, ac370443",0.02988795299800865,5.0
fixed_train,10,2,9,"ac370442, ac370443",0.009938529918982501,10.0
fixed_train,10,3,0,"370407, ac370000",0.03867863332838599,2.0
fixed_train,10,3,1,"ac370000, ac370419",0.03684781998178892,3.0
fixed_train,10,3,2,"370407, ac370000, ac370419",0.041316260529795076,1.0
fixed_train,10,3,3,"370407, ac370419",0.019563771336657196,8.0
fixed_train,10,3,4,"ac370000, ac370443",0.03110552582029167,6.0
fixed_train,10,3,5,"ac370000, ac370419, ac370443",0.034697707425406496,4.0
fixed_train,10,3,6,"ac370419, ac370443",0.014160008351505417,9.0
fixed_train,10,3,7,"ac370000, ac370442",0.030696864897464024,7.0
fixed_train,10,3,8,"ac370000, ac370442, ac370443",0.03207880982597767,5.0
fixed_train,10,3,9,"ac370442, ac370443",0.00990284910183028,10.0
fixed_train,10,4,0,"370407, ac370000",0.03989647227424908,1.0
fixed_train,10,4,1,"ac370000, ac370419",0.0385562815913511,3.0
fixed_train,10,4,2,"370407, ac370000, ac370419",0.03924615297614981,2.0
fixed_train,10,4,3,"370407, ac370419",0.018222849293889412,8.0
fixed_train,10,4,4,"ac370000, ac370443",0.0289161411250346,7.0
fixed_train,10,4,5,"ac370000, ac370419, ac370443",0.03587066926645099,4.0
fixed_train,10,4,6,"ac370419, ac370443",0.0126697416392544,9.0
fixed_train,10,4,7,"ac370000, ac370442",0.03084062770711074,6.0
fixed_train,10,4,8,"ac370000, ac370442, ac370443",0.032683738295061035,5.0
fixed_train,10,4,9,"ac370442, ac370443",0.009740999242117104,10.0
fixed_train,10,5,0,"370407, ac370000",0.040572780576177865,1.0
fixed_train,10,5,1,"ac370000, ac370419",0.03616911891732852,3.0
fixed_train,10,5,2,"370407, ac370000, ac370419",0.04001560951799788,2.0
fixed_train,10,5,3,"370407, ac370419",0.01897562871052224,8.0
fixed_train,10,5,4,"ac370000, ac370443",0.03016728518521161,6.0
fixed_train,10,5,5,"ac370000, ac370419, ac370443",0.03383917489400002,4.0
fixed_train,10,5,6,"ac370419, ac370443",0.013274783771841926,9.0
fixed_train,10,5,7,"ac370000, ac370442",0.029531221876580385,7.0
fixed_train,10,5,8,"ac370000, ac370442, ac370443",0.033654834312337616,5.0
fixed_train,10,5,9,"ac370442, ac370443",0.010118790060594636,10.0
fixed_train,10,6,0,"370407, ac370000",0.04000252193673491,2.0
fixed_train,10,6,1,"ac370000, ac370419",0.03761183253219524,3.0
fixed_train,10,6,2,"370407, ac370000, ac370419",0.040299307389332926,1.0
fixed_train,10,6,3,"370407, ac370419",0.018794311623265985,8.0
fixed_train,10,6,4,"ac370000, ac370443",0.028948154563430063,7.0
fixed_train,10,6,5,"ac370000, ac370419, ac370443",0.03458701863387384,4.0
fixed_train,10,6,6,"ac370419, ac370443",0.013557464782278834,9.0
fixed_train,10,6,7,"ac370000, ac370442",0.03087939621606723,6.0
fixed_train,10,6,8,"ac370000, ac370442, ac370443",0.0338089039868335,5.0
fixed_train,10,6,9,"ac370442, ac370443",0.010861810660408675,10.0
fixed_train,10,7,0,"370407, ac370000",0.0384405909862452,1.0
fixed_train,10,7,1,"ac370000, ac370419",0.03600148885587754,3.0
fixed_train,10,7,2,"370407, ac370000, ac370419",0.0369656919892729,2.0
fixed_train,10,7,3,"370407, ac370419",0.020492479516747805,8.0
fixed_train,10,7,4,"ac370000, ac370443",0.030115380117114406,6.0
fixed_train,10,7,5,"ac370000, ac370419, ac370443",0.035000545257782636,4.0
fixed_train,10,7,6,"ac370419, ac370443",0.014386430547266911,9.0
fixed_train,10,7,7,"ac370000, ac370442",0.029174783811358084,7.0
fixed_train,10,7,8,"ac370000, ac370442, ac370443",0.032302836036824385,5.0
fixed_train,10,7,9,"ac370442, ac370443",0.01132425964712938,10.0
fixed_train,10,8,0,"370407, ac370000",0.03655350517128801,1.0
fixed_train,10,8,1,"ac370000, ac370419",0.03280178441711992,3.0
fixed_train,10,8,2,"370407, ac370000, ac370419",0.03601567369439356,2.0
fixed_train,10,8,3,"370407, ac370419",0.01813264699964662,8.0
fixed_train,10,8,4,"ac370000, ac370443",0.029292306860814823,6.0
fixed_train,10,8,5,"ac370000, ac370419, ac370443",0.030636119463651704,5.0
fixed_train,10,8,6,"ac370419, ac370443",0.013687548450731219,9.0
fixed_train,10,8,7,"ac370000, ac370442",0.027999854737005232,7.0
fixed_train,10,8,8,"ac370000, ac370442, ac370443",0.030940723461272125,4.0
fixed_train,10,8,9,"ac370442, ac370443",0.010172500328537108,10.0
fixed_train,10,9,0,"370407, ac370000",0.04103819097480734,2.0
fixed_train,10,9,1,"ac370000, ac370419",0.03990456420577169,3.0
fixed_train,10,9,2,"370407, ac370000, ac370419",0.04126475830730025,1.0
fixed_train,10,9,3,"370407, ac370419",0.017603929710779162,8.0
fixed_train,10,9,4,"ac370000, ac370443",0.03121699763170359,7.0
fixed_train,10,9,5,"ac370000, ac370419, ac370443",0.03614441924594059,4.0
fixed_train,10,9,6,"ac370419, ac370443",0.014305820269628915,9.0
fixed_train,10,9,7,"ac370000, ac370442",0.03383800920867016,6.0
fixed_train,10,9,8,"ac370000, ac370442, ac370443",0.034573587416885244,5.0
fixed_train,10,9,9,"ac370442, ac370443",0.010119908453258417,10.0
faithful_train,10,0,0,"370407, ac370000",0.21285299907574093,10.0
faithful_train,10,0,1,"ac370000, ac370419",0.2634944317906963,1.0
faithful_train,10,0,2,"370407, ac370000, ac370419",0.2484749625219377,9.0
faithful_train,10,0,3,"370407, ac370419",0.2538631538917405,6.0
faithful_train,10,0,4,"ac370000, ac370443",0.2577809889219774,3.0
faithful_train,10,0,5,"ac370000, ac370419, ac370443",0.25200273443065896,7.0
faithful_train,10,0,6,"ac370419, ac370443",0.2502065824996734,8.0
faithful_train,10,0,7,"ac370000, ac370442",0.26002235423022607,2.0
faithful_train,10,0,8,"ac370000, ac370442, ac370443",0.25465795533905694,5.0
faithful_train,10,0,9,"ac370442, ac370443",0.25631557984754544,4.0
faithful_train,10,1,0,"370407, ac370000",0.21447858885631466,10.0
faithful_train,10,1,1,"ac370000, ac370419",0.2649462672910447,1.0
faithful_train,10,1,2,"370407, ac370000, ac370419",0.2553018950953288,9.0
faithful_train,10,1,3,"370407, ac370419",0.25643316048704723,7.0
faithful_train,10,1,4,"ac370000, ac370443",0.26214065221129274,3.0
faithful_train,10,1,5,"ac370000, ac370419, ac370443",0.2590409995044948,4.0
faithful_train,10,1,6,"ac370419, ac370443",0.2573352008432064,5.0
faithful_train,10,1,7,"ac370000, ac370442",0.2624256051793671,2.0
faithful_train,10,1,8,"ac370000, ac370442, ac370443",0.2570716791976319,6.0
faithful_train,10,1,9,"ac370442, ac370443",0.25612107552286056,8.0
faithful_train,10,2,0,"370407, ac370000",0.21051837846455246,10.0
faithful_train,10,2,1,"ac370000, ac370419",0.2596323063345753,1.0
faithful_train,10,2,2,"370407, ac370000, ac370419",0.2504202574641275,7.0
faithful_train,10,2,3,"370407, ac370419",0.24444148573459148,9.0
faithful_train,10,2,4,"ac370000, ac370443",0.25819978326106474,2.0
faithful_train,10,2,5,"ac370000, ac370419, ac370443",0.25351343620630745,4.0
faithful_train,10,2,6,"ac370419, ac370443",0.2511293103571406,6.0
faithful_train,10,2,7,"ac370000, ac370442",0.2578396213057341,3.0
faithful_train,10,2,8,"ac370000, ac370442, ac370443",0.25297197090378803,5.0
faithful_train,10,2,9,"ac370442, ac370443",0.24991500434617556,8.0
faithful_train,10,3,0,"370407, ac370000",0.21613575990819725,10.0
faithful_train,10,3,1,"ac370000, ac370419",0.2637245476488285,3.0
faithful_train,10,3,2,"370407, ac370000, ac370419",0.25451163592590104,8.0
faithful_train,10,3,3,"370407, ac370419",0.253372563243935,9.0
faithful_train,10,3,4,"ac370000, ac370443",0.2652093987501155,1.0
faithful_train,10,3,5,"ac370000, ac370419, ac370443",0.25888789099617493,5.0
faithful_train,10,3,6,"ac370419, ac370443",0.25823066162944275,6.0
faithful_train,10,3,7,"ac370000, ac370442",0.26446263721069846,2.0
faithful_train,10,3,8,"ac370000, ac370442, ac370443",0.2604211767531808,4.0
faithful_train,10,3,9,"ac370442, ac370443",0.2565675599799746,7.0
faithful_train,10,4,0,"370407, ac370000",0.21271334364899278,10.0
faithful_train,10,4,1,"ac370000, ac370419",0.2608117445348468,1.0
faithful_train,10,4,2,"370407, ac370000, ac370419",0.25054928925587727,7.0
faithful_train,10,4,3,"370407, ac370419",0.24778415485411162,9.0
faithful_train,10,4,4,"ac370000, ac370443",0.2586941227699467,2.0
faithful_train,10,4,5,"ac370000, ac370419, ac370443",0.25284531787521203,6.0
faithful_train,10,4,6,"ac370419, ac370443",0.24780661974146828,8.0
faithful_train,10,4,7,"ac370000, ac370442",0.2570936750826961,3.0
faithful_train,10,4,8,"ac370000, ac370442, ac370443",0.25487706796457416,4.0
faithful_train,10,4,9,"ac370442, ac370443",0.2540884802937584,5.0
faithful_train,10,5,0,"370407, ac370000",0.20611253766953175,10.0
faithful_train,10,5,1,"ac370000, ac370419",0.2545375236558335,1.0
faithful_train,10,5,2,"370407, ac370000, ac370419",0.2416324483932618,6.0
faithful_train,10,5,3,"370407, ac370419",0.23952464544823365,9.0
faithful_train,10,5,4,"ac370000, ac370443",0.249812315099854,3.0
faithful_train,10,5,5,"ac370000, ac370419, ac370443",0.2415965593355487,8.0
faithful_train,10,5,6,"ac370419, ac370443",0.24160906697844772,7.0
faithful_train,10,5,7,"ac370000, ac370442",0.2521574929600989,2.0
faithful_train,10,5,8,"ac370000, ac370442, ac370443",0.2430754551993736,5.0
faithful_train,10,5,9,"ac370442, ac370443",0.24393029558821258,4.0
faithful_train,10,6,0,"370407, ac370000",0.20655778704607333,10.0
faithful_train,10,6,1,"ac370000, ac370419",0.2521453061028488,1.0
faithful_train,10,6,2,"370407, ac370000, ac370419",0.23999400674568006,5.0
faithful_train,10,6,3,"370407, ac370419",0.24061568515486925,4.0
faithful_train,10,6,4,"ac370000, ac370443",0.24437056667404947,3.0
faithful_train,10,6,5,"ac370000, ac370419, ac370443",0.23451679714869011,7.0
faithful_train,10,6,6,"ac370419, ac370443",0.23259341323379523,9.0
faithful_train,10,6,7,"ac370000, ac370442",0.244507268158274,2.0
faithful_train,10,6,8,"ac370000, ac370442, ac370443",0.23360321253597793,8.0
faithful_train,10,6,9,"ac370442, ac370443",0.23720308987533886,6.0
faithful_train,10,7,0,"370407, ac370000",0.21652204368550593,10.0
faithful_train,10,7,1,"ac370000, ac370419",0.2668708647311129,1.0
faithful_train,10,7,2,"370407, ac370000, ac370419",0.25804241154020513,9.0
faithful_train,10,7,3,"370407, ac370419",0.2580847281491516,8.0
faithful_train,10,7,4,"ac370000, ac370443",0.2641939899257067,3.0
faithful_train,10,7,5,"ac370000, ac370419, ac370443",0.2604500579324436,7.0
faithful_train,10,7,6,"ac370419, ac370443",0.26195966662913456,6.0
faithful_train,10,7,7,"ac370000, ac370442",0.26655889846276876,2.0
faithful_train,10,7,8,"ac370000, ac370442, ac370443",0.2636495776021782,4.0
faithful_train,10,7,9,"ac370442, ac370443",0.2633197174007545,5.0
faithful_train,10,8,0,"370407, ac370000",0.21226253335716672,10.0
faithful_train,10,8,1,"ac370000, ac370419",0.26418091517156844,1.0
faithful_train,10,8,2,"370407, ac370000, ac370419",0.2509664317493866,8.0
faithful_train,10,8,3,"370407, ac370419",0.24519801344957654,9.0
faithful_train,10,8,4,"ac370000, ac370443",0.2593441731233969,3.0
faithful_train,10,8,5,"ac370000, ac370419, ac370443",0.2553673061361509,4.0
faithful_train,10,8,6,"ac370419, ac370443",0.25497481653302795,6.0
faithful_train,10,8,7,"ac370000, ac370442",0.2599518883995776,2.0
faithful_train,10,8,8,"ac370000, ac370442, ac370443",0.2550444995941567,5.0
faithful_train,10,8,9,"ac370442, ac370443",0.25225776085190954,7.0
faithful_train,10,9,0,"370407, ac370000",0.20916378212941727,10.0
faithful_train,10,9,1,"ac370000, ac370419",0.25916520451542924,2.0
faithful_train,10,9,2,"370407, ac370000, ac370419",0.24831985627566663,8.0
faithful_train,10,9,3,"370407, ac370419",0.2463663239898888,9.0
faithful_train,10,9,4,"ac370000, ac370443",0.2603629615751217,1.0
faithful_train,10,9,5,"ac370000, ac370419, ac370443",0.2544373289650386,5.0
faithful_train,10,9,6,"ac370419, ac370443",0.2536607398388859,6.0
faithful_train,10,9,7,"ac370000, ac370442",0.25877674454271427,3.0
faithful_train,10,9,8,"ac370000, ac370442, ac370443",0.25083524595822465,7.0
faithful_train,10,9,9,"ac370442, ac370443",0.2547678518020787,4.0
