AC419100,AC370000,AC379999,376480A,AC415100,376400,AC355111,AC356134,AC386002,AC389190,AC386041,370737C,AC419100_5,AC419100_9,AC419100_14,AC419100_16,AC419100_21,AC419100_29,AC419100_111,AC370000_2,AC370000_28,AC370000_44,AC370000_59,AC370000_60,AC370000_78,AC370000_83,AC370000_84,AC379999_37,AC379999_43,376480A_2,376480A_3,376480A_5,376480A_6,376480A_8,376480A_10,376400_1,376400_2,376400_5,376400_6,AC356134_1,AC356134_2,AC356134_3,AC386002_17,AC389190_9,AC419100_16_2,AC419100_16_9,AC419100_16_19,AC419100_111_1,AC370000_2_15,AC370000_2_24,AC370000_2_25,AC370000_2_27,AC370000_2_28,AC370000_2_29,AC370000_2_55,AC370000_59_1,AC370000_59_5,AC370000_83_3,376480A_2_1,376480A_3_3,376480A_3_4,376480A_10_4,376400_1_1,376400_1_2,376400_1_5,376400_2_4,Case_ID,Outcome
2,5,2,0,0,0,0,0,0,0,0,0,2,1,0,0,0,0,0,4,0,0,0,0,0,0,0,0,0,0,0,0,0,0,0,0,0,0,0,0,0,0,0,0,0,0,0,0,0,0,0,0,0,0,0,0,0,0,0,0,0,0,0,0,0,0,0,0
2,3,1,0,0,0,0,0,0,0,0,0,2,2,2,1,0,0,0,4,4,0,0,0,0,0,0,0,0,0,0,0,0,0,0,0,0,0,0,0,0,0,0,0,1,0,0,0,4,0,0,0,0,0,0,0,0,0,0,0,0,0,0,0,0,0,1,0
0,3,0,1,0,1,1,0,0,0,0,0,0,0,0,0,0,0,0,4,0,0,0,0,0,0,0,0,0,1,1,1,1,1,0,1,0,1,1,0,0,0,0,0,0,0,0,0,4,2,4,0,2,2,0,0,0,0,2,1,1,0,1,0,1,0,10,1
1,2,1,1,0,1,0,0,0,0,0,0,0,1,0,1,0,1,0,0,1,0,0,0,0,0,0,0,0,1,0,0,0,0,0,0,0,0,0,0,0,0,0,0,1,0,0,0,0,0,0,0,0,0,0,0,0,0,0,0,0,0,0,0,0,0,101,1
2,0,0,0,2,0,0,0,0,0,0,0,2,0,1,1,1,0,0,0,0,0,0,0,0,0,0,0,0,0,0,0,0,0,0,0,0,0,0,0,0,0,0,0,0,0,1,0,0,0,0,0,0,0,0,0,0,0,0,0,0,0,0,0,0,0,102,0
1,0,0,0,0,0,0,0,0,0,0,0,0,0,0,1,0,0,0,0,0,0,0,0,0,0,0,0,0,0,0,0,0,0,0,0,0,0,0,0,0,0,0,0,1,0,0,0,0,0,0,0,0,0,0,0,0,0,0,0,0,0,0,0,0,0,103,0
1,0,0,0,0,0,0,0,0,0,0,0,0,0,0,1,0,0,0,0,0,0,0,0,0,0,0,0,0,0,0,0,0,0,0,0,0,0,0,0,0,0,0,0,0,0,0,0,0,0,0,0,0,0,0,0,0,0,0,0,0,0,0,0,0,0,104,0
1,3,1,0,1,0,0,1,0,0,0,0,0,2,0,1,0,0,0,4,3,0,0,0,0,0,0,0,0,0,0,0,0,0,0,0,0,0,0,0,0,0,0,0,0,0,0,0,4,0,0,0,0,0,0,0,0,0,0,0,0,0,0,0,0,0,106,0
0,3,0,1,0,1,0,0,0,0,0,0,0,0,0,0,0,0,0,4,0,2,0,0,0,1,1,0,0,1,1,1,1,1,0,1,0,1,1,0,0,0,0,0,0,0,0,0,4,2,4,2,2,2,2,0,0,1,2,1,1,0,1,0,1,0,107,1
2,0,0,0,1,0,0,0,0,0,0,0,2,0,1,2,2,0,0,0,0,0,0,0,0,0,0,0,0,0,0,0,0,0,0,0,0,0,0,0,0,0,0,0,1,1,1,0,0,0,0,0,0,0,0,0,0,0,0,0,0,0,0,0,0,0,108,0
0,3,0,0,0,0,1,0,0,0,0,0,0,0,0,0,0,0,0,4,0,1,0,0,0,0,0,0,0,0,0,0,0,0,0,0,0,0,0,0,0,0,0,0,0,0,0,0,4,2,4,2,2,2,0,0,0,0,0,0,0,0,0,0,0,0,11,1
2,0,0,0,0,0,0,0,0,0,0,0,2,0,1,2,2,0,0,0,0,0,0,0,0,0,0,0,0,0,0,0,0,0,0,0,0,0,0,0,0,0,0,0,1,1,1,0,0,0,0,0,0,0,0,0,0,0,0,0,0,0,0,0,0,0,111,0
0,3,0,1,0,1,0,0,0,0,0,0,0,0,0,0,0,0,0,4,0,2,0,0,0,1,1,0,0,1,1,1,1,1,0,1,0,1,1,0,0,0,0,0,0,0,0,0,4,2,4,2,2,2,2,0,0,1,2,1,1,0,1,0,1,0,112,1
2,4,1,0,1,0,0,0,0,0,0,0,0,4,0,2,0,1,0,4,5,0,0,0,0,0,0,0,0,0,0,0,0,0,0,0,0,0,0,0,0,0,0,0,1,0,0,0,0,0,0,0,0,4,0,0,0,0,0,0,0,0,0,0,0,0,113,0
1,1,0,0,0,0,0,0,0,0,0,0,0,0,0,1,0,0,0,0,1,0,0,0,0,0,0,0,0,0,0,0,0,0,0,0,0,0,0,0,0,0,0,0,0,0,0,0,0,0,0,0,0,0,0,0,0,0,0,0,0,0,0,0,0,0,114,1
0,5,2,0,0,0,0,0,0,0,0,0,0,0,0,0,0,0,0,4,1,0,0,0,0,0,0,2,0,0,0,0,0,0,0,0,0,0,0,0,0,0,0,0,0,0,0,0,0,0,2,0,2,2,0,0,0,0,0,0,0,0,0,0,0,0,116,1
1,3,2,2,1,0,0,0,0,0,0,0,0,1,1,1,0,1,0,2,0,0,0,0,0,0,0,2,0,0,2,0,1,0,2,0,0,0,0,0,0,0,0,0,0,1,0,0,0,0,0,0,0,0,0,0,0,0,0,0,1,1,0,0,0,0,117,0
0,3,0,0,0,1,1,0,0,0,0,0,0,0,0,0,0,0,0,4,0,2,0,0,0,0,0,0,0,0,0,0,0,0,0,1,1,1,1,0,0,0,0,0,0,0,0,0,4,2,4,4,2,2,0,0,0,0,0,0,0,0,1,1,1,1,118,1
0,1,0,0,1,0,0,0,0,0,0,0,0,0,0,0,0,0,0,0,1,0,0,0,0,0,0,0,0,0,0,0,0,0,0,0,0,0,0,0,0,0,0,0,0,0,0,0,0,0,0,0,0,0,0,0,0,0,0,0,0,0,0,0,0,0,119,1
0,3,0,1,0,1,0,1,0,0,0,0,0,0,0,0,0,0,0,4,0,2,0,3,0,0,0,0,0,1,1,1,1,1,0,1,0,1,1,1,0,0,0,0,0,0,0,0,4,2,4,4,2,2,0,0,0,0,2,1,1,0,1,0,1,0,12,1
0,2,1,0,0,0,0,0,1,0,0,0,0,0,0,0,0,0,0,2,0,0,0,0,0,0,0,1,0,0,0,0,0,0,0,0,0,0,0,0,0,0,0,0,0,0,0,0,0,0,0,0,0,2,0,0,0,0,0,0,0,0,0,0,0,0,13,0
1,4,2,0,1,0,0,1,1,1,0,0,0,0,0,0,0,2,0,4,0,1,1,2,1,0,0,2,2,0,0,0,0,0,0,0,0,0,0,0,1,0,0,0,0,0,0,0,4,2,4,2,2,2,0,0,1,0,0,0,0,0,0,0,0,0,14,0
2,0,0,0,0,0,0,0,0,0,0,0,2,0,1,2,1,0,0,0,0,0,0,0,0,0,0,0,0,0,0,0,0,0,0,0,0,0,0,0,0,0,0,0,2,1,1,0,0,0,0,0,0,0,0,0,0,0,0,0,0,0,0,0,0,0,16,0
0,3,0,0,0,0,0,0,0,0,0,0,0,0,0,0,0,0,0,4,0,3,0,0,0,0,0,0,0,0,0,0,0,0,0,0,0,0,0,0,0,0,0,0,0,0,0,0,4,2,4,4,2,2,0,0,0,0,0,0,0,0,0,0,0,0,18,1
4,0,0,0,0,0,0,0,0,0,0,0,10,0,2,3,2,0,0,0,0,0,0,0,0,0,0,0,0,0,0,0,0,0,0,0,0,0,0,0,0,0,0,0,2,1,3,0,0,0,0,0,0,0,0,0,0,0,0,0,0,0,0,0,0,0,19,0
2,1,0,1,0,0,0,0,0,0,0,0,0,0,3,2,3,0,0,0,3,0,0,0,0,0,0,0,0,0,0,0,0,0,0,0,0,0,0,0,0,0,0,0,1,3,0,0,0,0,0,0,0,0,0,0,0,0,0,0,0,0,0,0,0,0,2,1
1,4,2,0,0,0,0,0,0,0,0,0,0,2,0,1,1,0,0,4,6,0,0,0,0,0,0,1,1,0,0,0,0,0,0,0,0,0,0,0,0,0,0,0,0,0,0,0,4,2,4,0,2,2,0,0,0,0,0,0,0,0,0,0,0,0,21,0
0,3,0,1,0,1,0,0,0,0,0,0,0,0,0,0,0,0,0,4,0,2,0,0,0,1,1,0,0,1,1,1,1,1,0,1,0,1,1,0,0,0,0,0,0,0,0,0,4,2,4,2,2,2,2,0,0,1,2,1,1,0,1,0,1,0,23,1
1,5,1,1,0,0,1,0,1,1,0,0,0,1,0,0,0,1,0,6,0,2,0,0,2,1,1,1,1,0,1,1,1,0,1,0,0,0,0,0,0,0,1,0,0,0,0,0,4,2,4,2,2,2,2,0,0,1,0,1,1,1,0,0,0,0,24,0
1,0,0,0,1,0,0,0,0,0,0,0,0,0,1,1,0,0,0,0,0,0,0,0,0,0,0,0,0,0,0,0,0,0,0,0,0,0,0,0,0,0,0,0,0,1,0,0,0,0,0,0,0,0,0,0,0,0,0,0,0,0,0,0,0,0,26,0
0,3,0,1,0,1,0,1,0,0,0,0,0,0,0,0,0,0,0,4,0,1,1,2,0,0,0,0,0,1,1,1,1,1,0,1,0,1,1,0,1,0,0,0,0,0,0,0,4,2,4,2,2,2,0,0,1,0,2,1,1,0,1,0,1,0,27,1
3,1,1,0,1,0,0,0,0,0,0,0,2,0,4,3,3,1,0,0,0,0,0,0,0,0,0,0,0,0,0,0,0,0,0,0,0,0,0,0,0,0,0,0,2,4,1,0,0,0,0,0,0,0,0,0,0,0,0,0,0,0,0,0,0,0,3,0
0,7,0,0,0,0,0,0,0,0,0,0,0,0,0,0,0,0,0,12,0,0,0,0,0,0,0,0,0,0,0,0,0,0,0,0,0,0,0,0,0,0,0,0,0,0,0,0,20,6,4,0,0,0,0,0,0,0,0,0,0,0,0,0,0,0,30,1
1,0,0,0,0,0,0,0,0,0,0,0,0,0,1,1,0,0,0,0,0,0,0,0,0,0,0,0,0,0,0,0,0,0,0,0,0,0,0,0,0,0,0,0,0,1,0,0,0,0,0,0,0,0,0,0,0,0,0,0,0,0,0,0,0,0,31,0
1,6,2,0,0,0,0,0,0,0,0,0,0,0,0,0,0,0,0,6,0,0,0,0,0,0,0,0,0,0,0,0,0,0,0,0,0,0,0,0,0,0,0,0,0,0,0,0,4,0,0,0,0,2,0,0,0,0,0,0,0,0,0,0,0,0,32,1
0,1,0,0,0,0,0,0,0,0,0,0,0,0,0,0,0,0,0,0,0,0,0,0,0,0,0,0,0,0,0,0,0,0,0,0,0,0,0,0,0,0,0,0,0,0,0,0,0,0,0,0,0,0,0,0,0,0,0,0,0,0,0,0,0,0,33,1
3,0,0,0,1,0,0,0,0,0,0,0,4,0,3,3,3,0,0,0,0,0,0,0,0,0,0,0,0,0,0,0,0,0,0,0,0,0,0,0,0,0,0,0,2,3,2,0,0,0,0,0,0,0,0,0,0,0,0,0,0,0,0,0,0,0,34,0
1,4,1,0,0,0,1,0,1,1,0,0,0,0,0,0,0,1,0,4,0,3,0,0,0,0,0,1,1,0,0,0,0,0,0,0,0,0,0,0,0,0,1,0,0,0,0,0,4,2,4,4,2,2,0,0,0,0,0,0,0,0,0,0,0,0,35,0
0,3,0,0,0,1,0,0,0,0,0,0,0,0,0,0,0,0,0,4,0,2,0,0,0,1,1,0,0,0,0,0,0,0,0,1,1,1,1,0,0,0,0,0,0,0,0,0,4,2,4,2,2,2,2,0,0,1,0,0,0,0,1,1,1,1,36,1
1,0,0,0,0,0,0,0,0,0,0,0,0,0,0,1,0,0,0,0,0,0,0,0,0,0,0,0,0,0,0,0,0,0,0,0,0,0,0,0,0,0,0,0,0,0,0,0,0,0,0,0,0,0,0,0,0,0,0,0,0,0,0,0,0,0,37,0
0,2,0,0,0,0,0,0,0,0,0,0,0,0,0,0,0,0,0,2,0,0,0,0,0,0,0,0,0,0,0,0,0,0,0,0,0,0,0,0,0,0,0,0,0,0,0,0,0,0,0,0,0,0,0,0,0,0,0,0,0,0,0,0,0,0,38,1
0,1,0,0,0,1,0,0,0,0,0,0,0,0,0,0,0,0,0,0,0,0,0,0,0,0,0,0,0,0,0,0,0,0,0,0,0,0,0,0,0,0,0,0,0,0,0,0,0,0,0,0,0,0,0,0,0,0,0,0,0,0,0,0,0,0,39,1
0,3,0,0,0,1,0,0,0,0,0,0,0,0,0,0,0,0,0,4,0,3,0,0,0,0,0,0,0,0,0,0,0,0,0,1,1,1,1,0,0,0,0,0,0,0,0,0,4,2,4,4,2,2,0,0,0,0,0,0,0,0,1,1,1,1,4,1
3,0,0,0,0,0,0,0,0,0,0,0,4,0,3,3,3,0,0,0,0,0,0,0,0,0,0,0,0,0,0,0,0,0,0,0,0,0,0,0,0,0,0,0,1,3,2,0,0,0,0,0,0,0,0,0,0,0,0,0,0,0,0,0,0,0,40,0
0,4,1,0,0,0,0,1,1,0,0,0,0,0,0,0,0,0,0,4,0,0,0,0,0,0,0,0,0,0,0,0,0,0,0,0,0,0,0,0,0,0,0,0,0,0,0,0,4,0,0,0,0,0,0,0,0,0,0,0,0,0,0,0,0,0,41,0
1,0,0,0,0,0,0,0,0,0,0,0,0,0,0,1,0,0,0,0,0,0,0,0,0,0,0,0,0,0,0,0,0,0,0,0,0,0,0,0,0,0,0,0,1,0,0,0,0,0,0,0,0,0,0,0,0,0,0,0,0,0,0,0,0,0,42,0
1,4,2,1,0,0,0,0,1,1,0,0,0,1,0,0,0,1,0,4,0,2,0,0,1,1,1,1,1,0,1,1,1,0,1,0,0,0,0,0,0,0,1,1,0,0,0,0,4,2,4,2,2,2,2,0,0,1,0,1,1,1,0,0,0,0,43,0
1,2,0,0,2,0,0,0,1,0,0,0,0,0,1,1,0,0,0,2,2,0,0,0,0,0,0,0,0,0,0,0,0,0,0,0,0,0,0,0,0,0,0,0,0,1,0,0,0,0,0,0,0,0,0,0,0,0,0,0,0,0,0,0,0,0,44,1
1,5,1,1,1,0,0,0,0,0,0,0,0,2,0,1,0,1,0,6,2,2,0,0,0,1,1,0,0,0,1,0,1,0,1,0,0,0,0,0,0,0,0,0,0,0,0,0,4,0,6,2,2,2,2,0,0,0,0,0,1,0,0,0,0,0,45,1
2,4,1,0,1,0,0,0,0,0,0,0,0,3,0,0,0,1,0,4,0,0,0,0,0,0,0,0,0,0,0,0,0,0,0,0,0,0,0,0,0,0,0,0,0,0,0,0,0,0,0,0,0,0,0,0,0,0,0,0,0,0,0,0,0,0,46,0
0,5,2,0,0,0,0,0,0,0,0,0,0,0,0,0,0,0,0,4,0,0,0,0,0,0,0,0,0,0,0,0,0,0,0,0,0,0,0,0,0,0,0,0,0,0,0,0,0,0,0,0,0,0,0,0,0,0,0,0,0,0,0,0,0,0,47,1
0,3,0,0,0,1,0,0,0,0,0,0,0,0,0,0,0,0,0,4,0,3,0,0,0,0,0,0,0,0,0,0,0,0,0,1,1,1,1,0,0,0,0,0,0,0,0,0,4,2,4,4,2,2,0,0,0,0,0,0,0,0,1,1,1,1,48,1
4,0,0,0,1,0,0,0,0,0,0,0,6,0,4,4,5,0,0,0,0,0,0,0,0,0,0,0,0,0,0,0,0,0,0,0,0,0,0,0,0,0,0,0,2,4,3,0,0,0,0,0,0,0,0,0,0,0,0,0,0,0,0,0,0,0,49,0
1,2,2,0,0,0,0,0,0,0,0,0,0,0,0,1,3,0,0,2,0,0,0,0,0,0,0,0,0,0,0,0,0,0,0,0,0,0,0,0,0,0,0,0,1,0,0,0,0,0,0,0,0,0,0,0,0,0,0,0,0,0,0,0,0,0,5,0
1,0,0,0,0,0,1,0,0,0,0,0,0,0,0,0,0,0,0,0,0,0,0,0,0,0,0,0,0,0,0,0,0,0,0,0,0,0,0,0,0,0,0,0,0,0,0,0,0,0,0,0,0,0,0,0,0,0,0,0,0,0,0,0,0,0,50,0
3,2,1,0,1,0,0,0,0,0,0,0,2,3,0,3,1,1,0,2,3,0,0,0,0,0,0,1,1,0,0,0,0,0,0,0,0,0,0,0,0,0,0,0,1,0,1,0,0,0,2,0,2,0,0,0,0,0,0,0,0,0,0,0,0,0,51,0
1,6,2,0,2,0,0,2,0,0,0,0,0,0,0,0,0,1,0,6,3,1,0,2,0,0,0,0,0,0,0,0,0,0,0,0,0,0,0,0,0,0,0,0,0,0,0,0,4,2,4,0,2,2,0,0,0,0,0,0,0,0,0,0,0,0,52,1
0,3,0,1,0,1,0,1,0,0,0,0,0,0,0,0,0,0,0,4,0,3,1,2,0,0,0,0,0,1,1,1,1,1,0,1,0,1,1,1,1,1,0,0,0,0,0,0,4,2,4,4,2,2,0,1,1,0,2,1,1,0,1,0,1,0,54,1
2,0,0,0,1,0,0,0,0,0,0,0,2,0,1,2,2,0,0,0,0,0,0,0,0,0,0,0,0,0,0,0,0,0,0,0,0,0,0,0,0,0,0,0,0,1,1,0,0,0,0,0,0,0,0,0,0,0,0,0,0,0,0,0,0,0,55,0
4,0,0,0,0,0,0,0,0,0,0,0,10,0,3,4,3,0,0,0,0,0,0,0,0,0,0,0,0,0,0,0,0,0,0,0,0,0,0,0,0,0,0,0,4,3,5,0,0,0,0,0,0,0,0,0,0,0,0,0,0,0,0,0,0,0,56,0
1,1,1,0,3,0,0,0,0,0,0,0,0,0,0,1,0,0,0,0,1,0,0,0,0,0,0,0,0,0,0,0,0,0,0,0,0,0,0,0,0,0,0,0,0,0,0,0,0,0,0,0,0,0,0,0,0,0,0,0,0,0,0,0,0,0,57,0
0,3,0,1,0,0,0,0,0,0,0,0,0,0,0,0,0,0,0,4,0,2,0,0,0,1,1,0,0,0,1,1,1,0,1,0,0,0,0,0,0,0,0,0,0,0,0,0,4,2,4,2,2,2,2,0,0,1,0,1,1,1,0,0,0,0,58,1
0,3,0,1,0,1,1,0,0,0,0,0,0,0,0,0,0,0,0,4,0,3,0,0,0,0,0,0,0,1,1,1,1,1,0,1,0,1,1,0,0,0,0,0,0,0,0,0,4,2,4,4,2,2,0,0,0,0,2,1,1,0,1,0,1,0,6,1
3,0,0,0,0,0,0,0,0,0,0,0,4,0,2,3,4,0,0,0,0,0,0,0,0,0,0,0,0,0,0,0,0,0,0,0,0,0,0,0,0,0,0,0,2,2,2,0,0,0,0,0,0,0,0,0,0,0,0,0,0,0,0,0,0,0,60,0
0,0,0,0,1,0,0,0,0,0,0,0,0,0,0,0,0,0,0,0,0,0,0,0,0,0,0,0,0,0,0,0,0,0,0,0,0,0,0,0,0,0,0,0,0,0,0,0,0,0,0,0,0,0,0,0,0,0,0,0,0,0,0,0,0,0,61,0
2,7,5,0,4,0,0,0,0,0,0,0,0,2,2,2,1,2,0,4,4,0,0,0,0,0,0,0,0,0,0,0,0,0,0,0,0,0,0,0,0,0,0,0,1,2,0,0,0,0,0,0,0,0,0,0,0,0,0,0,0,0,0,0,0,0,63,0
0,3,0,0,0,1,0,0,0,0,0,0,0,0,0,0,0,0,0,4,0,2,0,0,0,1,1,0,0,0,0,0,0,0,0,1,1,1,1,0,0,0,0,0,0,0,0,0,4,2,4,2,2,2,2,0,0,1,0,0,0,0,1,1,1,1,65,1
2,0,0,0,0,0,0,0,0,0,0,0,2,0,3,2,2,0,0,0,0,0,0,0,0,0,0,0,0,0,0,0,0,0,0,0,0,0,0,0,0,0,0,0,2,3,1,0,0,0,0,0,0,0,0,0,0,0,0,0,0,0,0,0,0,0,66,0
4,0,0,0,1,0,0,0,0,0,0,0,6,0,3,4,3,0,0,0,0,0,0,0,0,0,0,0,0,0,0,0,0,0,0,0,0,0,0,0,0,0,0,0,0,3,3,0,0,0,0,0,0,0,0,0,0,0,0,0,0,0,0,0,0,0,67,0
2,3,2,0,1,0,0,1,1,0,0,0,2,3,1,2,2,0,0,4,2,0,0,1,0,0,0,2,2,0,0,0,0,0,0,0,0,0,0,0,0,0,0,0,0,1,1,0,4,2,4,0,2,2,0,0,0,0,0,0,0,0,0,0,0,0,68,0
0,3,1,0,0,0,0,0,0,1,0,0,0,0,0,0,0,0,0,4,2,3,0,0,0,0,0,0,0,0,0,0,0,0,0,0,0,0,0,0,0,0,0,0,0,0,0,0,4,0,0,4,0,0,0,0,0,0,0,0,0,0,0,0,0,0,69,0
0,3,0,1,0,1,0,1,0,0,0,0,0,0,0,0,0,0,0,4,0,3,1,2,0,0,0,0,0,1,1,1,1,1,0,1,0,1,1,1,1,1,0,0,0,0,0,0,4,2,4,4,2,2,0,1,1,0,2,1,1,0,1,0,1,0,7,1
1,0,0,0,0,0,0,0,0,0,0,0,0,0,0,1,0,0,0,0,0,0,0,0,0,0,0,0,0,0,0,0,0,0,0,0,0,0,0,0,0,0,0,0,0,0,0,0,0,0,0,0,0,0,0,0,0,0,0,0,0,0,0,0,0,0,70,0
0,2,0,0,0,0,0,0,0,0,0,0,0,0,0,0,0,0,0,2,0,0,0,0,0,0,0,0,0,0,0,0,0,0,0,0,0,0,0,0,0,0,0,0,0,0,0,0,0,0,0,0,0,0,0,0,0,0,0,0,0,0,0,0,0,0,72,1
2,3,3,0,2,0,0,1,1,0,0,0,0,0,2,2,1,0,0,2,1,0,0,0,0,0,0,0,0,0,0,0,0,0,0,0,0,0,0,0,0,0,0,0,1,2,0,0,0,0,0,0,0,0,0,0,0,0,0,0,0,0,0,0,0,0,73,0
3,0,0,0,0,0,0,0,0,0,0,0,4,0,2,3,4,0,0,0,0,0,0,0,0,0,0,0,0,0,0,0,0,0,0,0,0,0,0,0,0,0,0,0,2,2,2,0,0,0,0,0,0,0,0,0,0,0,0,0,0,0,0,0,0,0,74,0
0,3,0,1,0,0,0,0,0,0,0,0,0,0,0,0,0,0,0,4,2,0,0,0,0,0,0,0,0,0,1,1,1,0,1,0,0,0,0,0,0,0,0,0,0,0,0,0,4,2,4,0,2,2,0,0,0,0,0,1,1,1,0,0,0,0,76,1
1,3,1,2,1,1,0,0,0,0,0,0,0,2,0,1,0,0,0,2,3,0,0,0,0,0,0,1,0,1,1,0,1,0,1,0,0,0,0,0,0,0,0,0,0,0,0,0,0,0,2,0,2,2,0,0,0,0,0,0,1,1,0,0,0,0,78,1
1,3,2,0,0,0,0,0,0,0,0,0,0,2,0,0,0,0,0,2,0,0,0,0,0,0,0,0,0,0,0,0,0,0,0,0,0,0,0,0,0,0,0,0,0,0,0,0,0,0,0,0,0,0,0,0,0,0,0,0,0,0,0,0,0,0,79,0
2,3,0,0,0,1,0,0,1,0,0,0,2,4,0,0,0,0,1,4,0,0,0,0,0,0,0,0,0,0,0,0,0,0,0,1,1,1,1,0,0,0,0,0,0,0,0,1,4,2,4,0,2,2,0,0,0,0,0,0,0,0,1,1,1,1,80,1
0,4,0,1,0,1,0,1,0,0,0,0,0,0,0,0,0,0,0,6,0,2,1,3,0,0,0,0,0,0,1,1,0,0,0,0,0,0,1,0,0,0,0,0,0,0,0,0,8,4,6,4,2,2,0,0,0,0,0,1,0,0,0,0,0,0,81,1
2,0,0,0,1,0,0,0,0,0,0,0,2,0,1,2,1,0,0,0,0,0,0,0,0,0,0,0,0,0,0,0,0,0,0,0,0,0,0,0,0,0,0,0,0,1,1,0,0,0,0,0,0,0,0,0,0,0,0,0,0,0,0,0,0,0,82,0
3,0,0,0,1,0,0,0,0,0,0,0,4,0,2,3,2,0,0,0,0,0,0,0,0,0,0,0,0,0,0,0,0,0,0,0,0,0,0,0,0,0,0,0,1,2,2,0,0,0,0,0,0,0,0,0,0,0,0,0,0,0,0,0,0,0,84,0
2,0,0,0,1,0,0,0,0,0,0,0,0,0,2,1,2,0,0,0,0,0,0,0,0,0,0,0,0,0,0,0,0,0,0,0,0,0,0,0,0,0,0,0,1,0,0,0,0,0,0,0,0,0,0,0,0,0,0,0,0,0,0,0,0,0,85,0
2,3,1,1,0,0,0,0,1,0,1,0,2,0,0,0,0,1,0,4,0,2,0,0,0,1,1,1,1,0,1,1,1,0,1,0,0,0,0,0,0,0,0,0,0,0,0,0,4,2,4,2,2,2,2,0,0,1,0,1,1,1,0,0,0,0,87,1
0,3,2,0,0,0,0,0,0,0,0,0,0,0,0,0,0,0,0,2,0,0,0,0,0,0,0,0,0,0,0,0,0,0,0,0,0,0,0,0,0,0,0,0,0,0,0,0,0,0,0,0,0,0,0,0,0,0,0,0,0,0,0,0,0,0,88,0
0,3,0,0,0,1,0,0,0,0,0,0,0,0,0,0,0,0,0,4,0,0,0,0,0,0,0,0,0,0,0,0,0,0,0,1,1,0,1,0,0,0,0,0,0,0,0,0,4,2,4,0,2,2,0,0,0,0,0,0,0,0,1,1,0,0,90,1
1,1,0,0,1,0,0,0,0,0,0,0,0,1,0,1,2,0,0,0,2,0,0,0,0,0,0,0,0,0,0,0,0,0,0,0,0,0,0,0,0,0,0,0,0,0,0,0,0,0,0,0,0,0,0,0,0,0,0,0,0,0,0,0,0,0,91,1
1,4,1,0,0,0,0,0,1,0,0,1,0,1,0,0,0,1,0,4,0,3,0,0,0,0,0,1,1,0,0,0,0,0,0,0,0,0,0,0,0,0,0,0,0,0,0,0,4,2,4,4,2,2,0,0,0,0,0,0,0,0,0,0,0,0,92,0
1,3,2,1,0,0,0,0,1,1,0,0,0,0,0,0,0,2,0,4,0,2,0,0,0,1,1,2,2,0,1,1,1,0,1,0,0,0,0,0,0,0,0,0,0,0,0,0,4,2,4,2,2,2,2,0,0,1,0,1,1,1,0,0,0,0,93,0
0,1,0,0,0,1,0,0,0,0,0,0,0,0,0,0,0,0,0,0,0,0,0,0,0,1,0,0,0,0,0,0,0,0,0,0,0,0,0,0,0,0,0,0,0,0,0,0,0,0,0,0,0,0,0,0,0,0,0,0,0,0,0,0,0,0,94,1
0,2,0,0,0,0,0,0,0,0,0,0,0,0,0,0,0,0,0,2,0,0,0,0,0,0,0,0,0,0,0,0,0,0,0,0,0,0,0,0,0,0,0,0,0,0,0,0,0,0,0,0,0,2,0,0,0,0,0,0,0,0,0,0,0,0,95,1
1,3,1,0,1,0,0,0,1,1,0,1,0,0,1,0,0,1,0,4,0,3,0,0,0,0,0,1,1,0,0,0,0,0,0,0,0,0,0,0,0,0,1,0,0,0,0,0,4,2,4,4,2,2,0,0,0,0,0,0,0,0,0,0,0,0,96,0
0,3,0,1,0,1,0,0,0,0,0,0,0,0,0,0,0,0,0,4,0,2,0,0,0,1,1,0,0,1,1,1,1,1,0,1,0,1,1,0,0,0,0,0,0,0,0,0,4,2,4,2,2,2,2,0,0,1,2,1,1,0,1,0,1,0,97,1
0,7,3,0,0,0,0,0,0,0,0,0,0,0,0,0,0,0,0,6,0,0,0,0,0,0,0,0,0,0,0,0,0,0,0,0,0,0,0,0,0,0,0,0,0,0,0,0,0,0,0,0,0,0,0,0,0,0,0,0,0,0,0,0,0,0,98,0
0,1,0,0,0,0,0,0,0,0,0,0,0,0,0,0,0,0,0,0,0,0,0,0,0,0,0,0,0,0,0,0,0,0,0,0,0,0,0,0,0,0,0,0,0,0,0,0,0,0,0,0,0,0,0,0,0,0,0,0,0,0,0,0,0,0,99,1
