patterns,Pattern_Frequency,Case_Support,Frequency_Interest,Outcome_Interest,Case_Distance_Interest,on_front
ac410100,343.0,290.0,0.32079646017699115,0.05087892497026925,0.668821222060301,True
ac419100,886.0,586.0,0.6482300884955752,0.33486509467167735,0.6984046746442706,True
ac10107,164.0,164.0,0.18141592920353983,0.013325609537671479,0.6324694119058947,True
339486e,78.0,70.0,0.07743362831858407,0.01962377028226438,0.6547567165341316,False
ac390520,18.0,15.0,0.016592920353982302,0.005125744072192307,0.6929293247090631,False
ac390003,29.0,18.0,0.01991150442477876,0.0071914100835138465,0.7341648636256327,False
ac390550,45.0,27.0,0.029867256637168143,0.008093710623894274,0.7493400819167229,False
ac370000,2053.0,633.0,0.7002212389380531,0.24026948208865195,0.8435522764511194,True
ac370403,496.0,487.0,0.5387168141592921,0.10775791060772395,0.8427298277758279,False
370407,583.0,537.0,0.5940265486725663,0.11701810374091975,0.8447981030529647,False
ac370419,547.0,523.0,0.5785398230088495,0.11644509749440206,0.854936324451031,False
ac370442,528.0,510.0,0.5641592920353983,0.10861357648941831,0.856115014180408,False
ac370443,531.0,512.0,0.5663716814159292,0.11137255436277686,0.8565074949809239,False
370712b,496.0,490.0,0.5420353982300885,0.0982226033571071,0.8393657909215502,False
370715a,492.0,488.0,0.5398230088495575,0.09978094792815684,0.8388456530702021,False
ac379999,433.0,302.0,0.334070796460177,0.08402964195860294,0.6807089697422787,True
ac40014,384.0,218.0,0.2411504424778761,0.02520834327039283,0.6751265700162686,False
370111s,6.0,5.0,0.0055309734513274336,0.0012342288243230902,0.7626601584144185,False
370504a,74.0,34.0,0.03761061946902655,0.003998903962373502,0.7000589876056089,False
370505a,16.0,13.0,0.014380530973451327,0.0019626546514664514,0.725350724778416,False
375138a,22.0,16.0,0.017699115044247787,0.002183840066641007,0.7105233961637704,False
ac378149,19.0,19.0,0.02101769911504425,0.0009023971833990972,0.6941165569869908,False
ac610001,100.0,90.0,0.09955752212389381,0.016199841305813083,0.7020747523378442,False
ac613000,146.0,76.0,0.084070796460177,0.010297466869012329,0.7006926363883217,False
ac10113,12.0,12.0,0.01327433628318584,0.00026605127991832095,0.742110584084369,False
ac411100,1112.0,412.0,0.4557522123893805,0.16785567986317795,0.7594864881480147,False
ac10213,2.0,2.0,0.0022123893805309734,4.384035979652836e-05,0.7325000483945441,False
376480a,222.0,216.0,0.23893805309734514,0.004619590927136416,0.6480484883987403,True
other,195.0,118.0,0.13053097345132744,0.005320300224946243,0.6943976176673154,False
ac415100,332.0,210.0,0.2323008849557522,0.06003978923966061,0.7006706483369285,False
ac355201,69.0,66.0,0.07300884955752213,0.004559628834478427,0.6395976626414439,False
ac370401,453.0,450.0,0.497787610619469,0.10311127932468218,0.8240837207154456,False
370401c,479.0,471.0,0.5210176991150443,0.11266723691511595,0.8357926349059761,False
ac370402,486.0,467.0,0.5165929203539823,0.10148543218514769,0.831514979385533,False
ac370423,483.0,474.0,0.5243362831858407,0.10908681683390692,0.8397982866249748,False
370488e,496.0,487.0,0.5387168141592921,0.11478553278918158,0.8462091651414386,False
370488g,492.0,486.0,0.5376106194690266,0.11614049108743178,0.8461397850271858,False
370488j,471.0,469.0,0.5188053097345132,0.1065052995629379,0.8278641472424622,False
ac370604,499.0,441.0,0.48783185840707965,0.08952043577606816,0.7912032901038296,False
ac370606,482.0,439.0,0.4856194690265487,0.0804604172049411,0.7897389944786276,False
ac372417,473.0,470.0,0.5199115044247787,0.10613608908226667,0.8358610826188326,False
376400,268.0,268.0,0.29646017699115046,0.36780424731690725,0.6837898974589892,True
377498a,445.0,443.0,0.49004424778761063,0.09985681291035504,0.8193136188790677,False
378453a,444.0,443.0,0.49004424778761063,0.10031820496896773,0.8194566862867875,False
ac378607,452.0,430.0,0.4756637168141593,0.07733795676170555,0.7857515580514705,False
ac355111,104.0,103.0,0.11393805309734513,0.004749521537694527,0.6241269799177103,True
ac356134,100.0,94.0,0.10398230088495575,0.005538894414176071,0.657186711238611,False
ac386002,174.0,169.0,0.18694690265486727,0.046409524627414225,0.6427394327839436,True
330001b,98.0,89.0,0.09845132743362832,0.002153177605634715,0.6080359455464098,True
ac372441,12.0,12.0,0.01327433628318584,0.00026605127991832095,0.6028007781093219,False
ac376406,10.0,10.0,0.011061946902654867,0.00022120326893779532,0.5848906367287117,False
ac10307,113.0,113.0,0.125,0.013845855250321587,0.716829730539118,False
ac350503,45.0,41.0,0.04535398230088496,0.0006248760145228117,0.6667628973364698,False
ac356132,14.0,14.0,0.015486725663716814,0.0025163453864017887,0.7077926662599876,False
ac359999,49.0,47.0,0.051991150442477874,0.0005028311106929353,0.6501032413853267,False
370419s,26.0,23.0,0.025442477876106196,0.0028649076808517924,0.7909263946947153,False
370701s,33.0,32.0,0.035398230088495575,0.0015106871540952957,0.7356855641456195,False
370715s,22.0,22.0,0.024336283185840708,0.0004934059846569,0.7704297834408602,False
377121s,23.0,23.0,0.025442477876106196,0.002271912249265755,0.7828966510498828,False
ac390001,10.0,4.0,0.004424778761061947,0.0022783204623465104,0.7265190716736378,False
ac370421,12.0,12.0,0.01327433628318584,6.372547973122755e-06,0.668811145248843,False
ac355427,32.0,26.0,0.028761061946902654,0.0031006608547306178,0.6910433407632304,False
ac389190,16.0,16.0,0.017699115044247787,0.009193685865194576,0.5744364659984428,True
370442s,21.0,20.0,0.022123893805309734,0.002864417568979965,0.814899309360089,False
370443s,21.0,21.0,0.023230088495575223,0.0022820319745527895,0.8039560350734496,False
ac370701,113.0,111.0,0.12278761061946902,0.008755332694384263,0.6423698831611276,False
ac375075,28.0,9.0,0.00995575221238938,0.0029338357136267108,0.7638767920864553,False
ac710170,12.0,5.0,0.0055309734513274336,0.00117132083822868,0.7871229955219333,False
ac378546,4.0,3.0,0.00331858407079646,0.0025881906139274026,0.6795787147075362,False
ac40016,37.0,29.0,0.032079646017699116,0.002943585124885118,0.6687760327356798,False
ac619600,29.0,22.0,0.024336283185840708,0.0024133734338477424,0.6854976394510551,False
387042a,70.0,57.0,0.06305309734513274,0.0028922810299323613,0.6771134952161405,False
ac410500,28.0,22.0,0.024336283185840708,0.004968972477408025,0.7054926037146215,False
ac339956,4.0,3.0,0.00331858407079646,0.0025881906139274026,0.7644823982835319,False
370401s,14.0,10.0,0.011061946902654867,0.005026706935035496,0.8157356606823626,False
370402s,11.0,10.0,0.011061946902654867,0.003977734831329729,0.8267129116463258,False
370403s,15.0,14.0,0.015486725663716814,0.0023716583031525504,0.8071356177830626,False
370423t,10.0,10.0,0.011061946902654867,0.003715933455375079,0.8189002818647902,False
370488s,10.0,10.0,0.011061946902654867,0.002034648921606888,0.8173393565769549,False
ac390004,8.0,5.0,0.0055309734513274336,0.003283646617968105,0.756281610512743,False
ac378452,21.0,21.0,0.023230088495575223,0.0022820319745527895,0.6724800533319237,False
302211,12.0,12.0,0.01327433628318584,0.006875002356473696,0.5874165675508178,False
302213e,11.0,11.0,0.012168141592920354,0.0062974653598849226,0.5871428586746696,False
302282,9.0,9.0,0.00995575221238938,0.005144934084446717,0.5866883659270054,False
ac612000,19.0,10.0,0.011061946902654867,0.0029684146880353066,0.7420766497779869,False
ac614400,83.0,43.0,0.04756637168141593,0.008105706657937344,0.7001665069774188,False
339488a,5.0,5.0,0.0055309734513274336,0.0028499715514866235,0.7222037529481137,False
ac387090,89.0,87.0,0.09623893805309734,0.036003947525084574,0.6128928904287803,True
370426s,8.0,8.0,0.008849557522123894,0.0009040726417358577,0.8053842284509012,False
ac386042,11.0,11.0,0.012168141592920354,0.0013756783429370468,0.6416144747713647,False
ac370111,12.0,12.0,0.01327433628318584,0.0006832508356818257,0.6747167609598278,False
370488t,7.0,7.0,0.007743362831858407,0.0015621565984552128,0.8408178453234342,False
370489s,12.0,12.0,0.01327433628318584,0.0019231358789452944,0.8353809892229322,False
372417s,7.0,7.0,0.007743362831858407,0.0034743031664879187,0.8502620938096771,False
378453s,4.0,4.0,0.004424778761061947,0.0040519506988919984,0.8495570363059346,False
ac10207,11.0,11.0,0.012168141592920354,0.000446634932343485,0.7191859182726268,False
ac686405,0.0,0.0,0.0,0.0,,False
ac386902,19.0,16.0,0.017699115044247787,0.0038464691125693756,0.7215269144708955,False
ac378858,11.0,10.0,0.011061946902654867,0.002671208233866693,0.6544752595310631,False
337190c,5.0,5.0,0.0055309734513274336,0.0018476723689684468,0.6805312811687364,False
370711s,7.0,7.0,0.007743362831858407,0.0034743031664879187,0.8264947202876831,False
378452s,4.0,4.0,0.004424778761061947,0.001112657315966702,0.8070979035875219,False
ac388170,5.0,4.0,0.004424778761061947,0.000601729703147068,0.7097510293756918,False
370501,13.0,12.0,0.01327433628318584,0.0010179222229457982,0.7068593617141339,False
ac378729,6.0,6.0,0.00663716814159292,0.0008636167331264148,0.6725982103613808,False
ac356133,12.0,12.0,0.01327433628318584,0.00348659202742836,0.7380680907246436,False
ac337441,2.0,2.0,0.0022123893805309734,0.0011375083650930016,0.7800856390062643,False
ac370711,77.0,75.0,0.08296460176991151,0.0024987038681075205,0.6213563725837672,False
ac339160,10.0,10.0,0.011061946902654867,0.005720776784213358,0.6273456243921788,False
339988e,21.0,21.0,0.023230088495575223,0.012111440071382748,0.6384335295089244,False
ac386041,5.0,5.0,0.0055309734513274336,0.00044393895731508967,0.6043709598841578,False
375003a,20.0,20.0,0.022123893805309734,0.000127085097676366,0.6374115186480314,False
ac375004,21.0,18.0,0.01991150442477876,3.307633529445273e-05,0.6466526860513909,False
ac370437,4.0,4.0,0.004424778761061947,8.78794960617272e-05,0.6126466483436938,False
ac370716,1.0,1.0,0.0011061946902654867,0.0010102344046212727,0.5760069357850772,False
370737c,29.0,29.0,0.032079646017699116,0.0015182534394052177,0.6257546474616611,False
ac355401,8.0,8.0,0.008849557522123894,0.004335826692109175,0.6822905388142423,False
ac378720,12.0,12.0,0.01327433628318584,0.00348659202742836,0.6331839094730227,False
ac375518,5.0,5.0,0.0055309734513274336,0.0005159340983984847,0.6661438688604111,False
370737z,1.0,1.0,0.0011061946902654867,0.0005683424386458032,0.7121371395947748,False
ac337480,4.0,4.0,0.004424778761061947,0.002278320462346512,0.6780985523897466,False
339171a,13.0,9.0,0.00995575221238938,0.005144934084446717,0.6719602972705879,False
370466c,12.0,11.0,0.012168141592920354,0.0008192408845449604,0.7175157981740006,False
378858s,1.0,1.0,0.0011061946902654867,0.0010102344046212727,0.7777693741190952,False
ac355409,11.0,9.0,0.00995575221238938,0.0026906570874542894,0.6779207815557521,False
378609r,0.0,0.0,0.0,0.0,,False
ac378449,24.0,22.0,0.024336283185840708,0.010820613329925453,0.6671347227461233,False
ac372439,15.0,11.0,0.012168141592920354,0.0025650700136660813,0.7087182071180486,False
372440a,16.0,11.0,0.012168141592920354,0.003925630143868347,0.7087182071180486,False
ac378431,14.0,9.0,0.00995575221238938,0.007774374675680663,0.6980354733241086,False
ac370424,5.0,5.0,0.0055309734513274336,0.0018476723689684468,0.7222286335120488,False
ac372414,2.0,2.0,0.0022123893805309734,4.384035979652836e-05,0.7738683677571121,False
ac378458,2.0,2.0,0.0022123893805309734,4.384035979652836e-05,0.7738683677571121,False
376487,11.0,7.0,0.007743362831858407,0.0020223001471080873,0.7371581436793675,False
370828a,15.0,14.0,0.015486725663716814,0.006707368547131529,0.6512433393884768,False
ac375005,9.0,9.0,0.00995575221238938,3.810714193610426e-05,0.6279439187286306,False
378609k,10.0,9.0,0.00995575221238938,0.0011892297374733601,0.5989179252617338,False
378609s,8.0,7.0,0.007743362831858407,0.0006992475925407284,0.6030947511428181,False
ac370415,9.0,9.0,0.00995575221238938,0.0014373973364623961,0.6588484881684177,False
370465q,3.0,3.0,0.00331858407079646,3.296558774558509e-05,0.6636912796207952,False
370420s,3.0,2.0,0.0022123893805309734,0.0020222995775108082,0.879073204791187,False
ac387001,1.0,1.0,0.0011061946902654867,0.0010102344046212727,0.8777420717214706,False
370480a,10.0,10.0,0.011061946902654867,5.5842789260796e-08,0.6447182955581052,False
ac709999,3.0,2.0,0.0022123893805309734,0.0011375083650929999,0.6817940277217227,False
ac370420,5.0,5.0,0.0055309734513274336,0.00044393895731508967,0.6625226936472138,False
ac337220,7.0,7.0,0.007743362831858407,0.003995776190912362,0.6803236856668299,False
ac390183,9.0,7.0,0.007743362831858407,0.003995776190912365,0.805731160323617,False
ac380000,3.0,3.0,0.00331858407079646,3.296558774558509e-05,0.6396586094513673,False
376425a,7.0,7.0,0.007743362831858407,0.00045670457425740427,0.5960538425442599,False
ac350507,9.0,8.0,0.008849557522123894,0.001022600177601224,0.6749020286531866,False
ac20189,3.0,3.0,0.00331858407079646,0.001707500221801106,0.6860094787005454,False
370421s,1.0,1.0,0.0011061946902654867,0.0010102344046212727,0.8791968130211553,False
370737s,2.0,2.0,0.0022123893805309734,0.0020222995775108082,0.8186622963167266,False
379000a,3.0,3.0,0.00331858407079646,0.001707500221801106,0.5631951980172136,True
339099b,3.0,3.0,0.00331858407079646,0.001707500221801106,0.8168018366840238,False
337419c,3.0,3.0,0.00331858407079646,0.001707500221801106,0.6808155490271701,False
370407c,2.0,1.0,0.0011061946902654867,0.0010102344046212727,0.788307558809548,False
370707s,2.0,2.0,0.0022123893805309734,0.0020222995775108082,0.8186622963167266,False
ac370416,1.0,1.0,0.0011061946902654867,0.0005683424386458032,0.7064004395328694,False
ac393628,2.0,2.0,0.0022123893805309734,0.0011375083650930016,0.7715519995745322,False
ac387070,5.0,5.0,0.0055309734513274336,2.776616927525899e-08,0.6982741372873192,False
ac413489,1.0,1.0,0.0011061946902654867,0.0005683424386458032,0.7121371395947748,False
ac380077,3.0,3.0,0.00331858407079646,3.296558774558509e-05,0.761650404804363,False
ac413461,2.0,2.0,0.0022123893805309734,0.0011375083650930016,0.5827897843191807,False
