log,score_on,scope,activities_apriori,activities_impressed,activities_shared,activity_jaccard,spearman_mean,kendall_mean,spearman_max,kendall_max,top5_shared,stability_apriori,stability_impressed
f1,test,1,10,10,3,0.1764705882,1,1,1,1,1,0.6363636364,0.7575757576
f1,train,1,10,10,3,0.1764705882,1,1,1,1,3,1,1
f1,test,2,5,11,1,0.06666666667,,,,,1,1,0.8909090909
f1,train,2,5,11,1,0.06666666667,,,,,1,1,0.9636363636
f1,test,3,5,14,2,0.1176470588,,,,,1,0.9,0.5982339956
f1,train,3,5,14,2,0.1176470588,,,,,1,0.9,1
f2,test,1,10,10,3,0.1764705882,1,1,1,1,1,0.8303030303,0.8170731707
f2,train,1,10,10,3,0.1764705882,1,1,1,1,3,1,1
f2,test,2,7,10,3,0.2142857143,-0.5,-0.3333333333,0.5,0.3333333333,0,1,0.9515151515
f2,train,2,7,10,3,0.2142857143,-0.5,-0.3333333333,0.5,0.3333333333,0,1,1
f2,test,3,7,11,3,0.2,0.5,0.3333333333,-0.5,-0.3333333333,0,1,0.9909090909
f2,train,3,7,11,3,0.2,0.5,0.3333333333,0.5,0.3333333333,0,0.9642857143,1
f3,test,1,10,10,4,0.25,1,1,1,1,2,0.9151515152,0.8060606061
f3,train,1,10,10,4,0.25,1,1,1,1,3,0.9878787879,1
f3,test,2,6,9,1,0.07142857143,,,,,1,1,0.8666666667
f3,train,2,6,9,1,0.07142857143,,,,,1,1,0.9833333333
f3,test,3,5,11,2,0.1428571429,,,,,0,0.7,0.9
f3,train,3,5,11,2,0.1428571429,,,,,2,0.8,0.9909090909
f1,test,all,10,21,7,0.2916666667,0.3214285714,0.2380952381,0.3545454545,0.25,1,0.9636363636,0.8725617685
f1,train,all,10,21,7,0.2916666667,0.5714285714,0.4285714286,0.4144312328,0.3903600292,3,0.9878787879,0.9947984395
f2,test,all,10,20,6,0.25,0.7142857143,0.4666666667,0.7142857143,0.6,0,0.9757575758,0.9774266366
f2,train,all,10,20,6,0.25,0.3142857143,0.3333333333,0.4285714286,0.3333333333,0,1,0.9969924812
f3,test,all,10,18,5,0.2173913043,0.4,0.4,0.1,0,1,0.9151515152,0.8039215686
f3,train,all,10,18,5,0.2173913043,0.7,0.6,0.4,0.4,2,0.9878787879,0.9979360165
