log,score_on,strategy,scope,activity,n_sets,mean,max
f1,test,apriori,1,ac370000,1,0.003160327303,0.003160327303
f1,test,apriori,1,ac419100,1,0.0003402258288,0.0003402258288
f1,test,apriori,1,370715a,1,4.808140441e-05,4.808140441e-05
f1,test,apriori,1,ac370403,1,-0.0001865246602,-0.0001865246602
f1,test,apriori,1,370712b,1,-0.0003734013085,-0.0003734013085
f1,test,apriori,1,370407,1,-0.000498229957,-0.000498229957
f1,test,apriori,1,ac370419,1,-0.0006818016754,-0.0006818016754
f1,test,apriori,1,ac370442,1,-0.0007952975777,-0.0007952975777
f1,test,apriori,1,370488e,1,-0.001008642051,-0.001008642051
f1,test,apriori,1,ac370443,1,-0.001275550099,-0.001275550099
f1,train,apriori,1,ac370000,1,0.06817670472,0.06817670472
f1,train,apriori,1,ac419100,1,0.04108531492,0.04108531492
f1,train,apriori,1,370407,1,0.02086927964,0.02086927964
f1,train,apriori,1,ac370419,1,0.0166162756,0.0166162756
f1,train,apriori,1,ac370403,1,0.01414388653,0.01414388653
f1,train,apriori,1,ac370442,1,0.01390334484,0.01390334484
f1,train,apriori,1,ac370443,1,0.01293028914,0.01293028914
f1,train,apriori,1,370712b,1,0.0116384158,0.0116384158
f1,train,apriori,1,370488e,1,0.01075092857,0.01075092857
f1,train,apriori,1,370715a,1,0.01022385472,0.01022385472
f1,test,apriori,2,ac370000,4,0.002346582346,0.003981909391
f1,test,apriori,2,ac370442,4,0.001206218957,0.003981909391
f1,test,apriori,2,ac370443,4,0.0007357105622,0.003345256942
f1,test,apriori,2,370407,4,0.0003744705549,0.000996287159
f1,test,apriori,2,ac370419,4,-0.0002713036783,0.001062875894
f1,train,apriori,2,ac370000,4,0.03531619565,0.03865034555
f1,train,apriori,2,370407,4,0.02881032027,0.03865034555
f1,train,apriori,2,ac370419,4,0.0265699544,0.03487412889
f1,train,apriori,2,ac370442,4,0.02609322063,0.03424619184
f1,train,apriori,2,ac370443,4,0.02568611486,0.03349411633
f1,test,apriori,3,ac370000,6,0.006098819989,0.00836460344
f1,test,apriori,3,370407,6,0.005319448706,0.00836460344
f1,test,apriori,3,ac370442,6,0.005280673534,0.00836460344
f1,test,apriori,3,ac370443,6,0.004911624577,0.007704930961
f1,test,apriori,3,ac370419,6,0.004100648709,0.005648215124
f1,train,apriori,3,ac370000,6,0.04045201821,0.04162881431
f1,train,apriori,3,370407,6,0.03678755655,0.04162881431
f1,train,apriori,3,ac370442,6,0.03608263867,0.04155069387
f1,train,apriori,3,ac370443,6,0.03580326122,0.04070311756
f1,train,apriori,3,ac370419,6,0.03570660323,0.04162881431
f1,test,impressed,1,ac370000,1,0.003160327303,0.003160327303
f1,test,impressed,1,ac10307,1,0.002855028656,0.002855028656
f1,test,impressed,1,ac415100,1,0.00127967652,0.00127967652
f1,test,impressed,1,ac378449,1,0.0007044691969,0.0007044691969
f1,test,impressed,1,ac411100,1,0.000589591435,0.000589591435
f1,test,impressed,1,ac419100,1,0.0003402258288,0.0003402258288
f1,test,impressed,1,337419c,1,0,0
f1,test,impressed,1,376400,1,-0.0001844982039,-0.0001844982039
f1,test,impressed,1,ac355427,1,-0.0003790218884,-0.0003790218884
f1,test,impressed,1,370407,1,-0.000498229957,-0.000498229957
f1,train,impressed,1,ac370000,1,0.06817670472,0.06817670472
f1,train,impressed,1,ac419100,1,0.04108531492,0.04108531492
f1,train,impressed,1,ac411100,1,0.03161918051,0.03161918051
f1,train,impressed,1,370407,1,0.02086927964,0.02086927964
f1,train,impressed,1,ac415100,1,0.01842329106,0.01842329106
f1,train,impressed,1,ac10307,1,0.008191336848,0.008191336848
f1,train,impressed,1,376400,1,0.006388950097,0.006388950097
f1,train,impressed,1,ac355427,1,0.001135832304,0.001135832304
f1,train,impressed,1,ac378449,1,0.0005595121574,0.0005595121574
f1,train,impressed,1,337419c,1,0,0
f1,test,impressed,2,ac370403,1,0.003285912404,0.003285912404
f1,test,impressed,2,ac370000,2,0.002952856902,0.003285912404
f1,test,impressed,2,370401c,1,0.002619801399,0.002619801399
f1,test,impressed,2,ac415100,3,0.002374712274,0.004225278391
f1,test,impressed,2,ac411100,3,0.001737433596,0.004225278391
f1,test,impressed,2,ac419100,3,0.0009713385292,0.002657082742
f1,test,impressed,2,ac10307,2,0.0006715736909,0.001036618466
f1,test,impressed,2,ac355201,1,0.0002417756888,0.0002417756888
f1,test,impressed,2,370715a,1,-0.0005888323644,-0.0005888323644
f1,test,impressed,2,376400,2,-0.0007387225219,-0.0005888323644
f1,test,impressed,2,370712b,1,-0.0008886126793,-0.0008886126793
f1,train,impressed,2,ac370403,1,0.03146928997,0.03146928997
f1,train,impressed,2,ac370000,2,0.02984596701,0.03146928997
f1,train,impressed,2,370401c,1,0.02822264406,0.02822264406
f1,train,impressed,2,ac411100,3,0.02167677068,0.03124114948
f1,train,impressed,2,ac419100,3,0.02071174918,0.03124114948
f1,train,impressed,2,ac415100,3,0.01641317434,0.02443678992
f1,train,impressed,2,ac10307,2,0.008495864499,0.009352372635
f1,train,impressed,2,ac355201,1,0.00154799139,0.00154799139
f1,train,impressed,2,370712b,1,0.001505568334,0.001505568334
f1,train,impressed,2,376400,2,0.001488947126,0.001505568334
f1,train,impressed,2,370715a,1,0.001472325918,0.001472325918
f1,test,impressed,3,ac415100,3,0.001391865932,0.002580283695
f1,test,impressed,3,ac410500,1,0.0007768657204,0.0007768657204
f1,test,impressed,3,ac355201,2,0.0005740540416,0.0008184483808
f1,test,impressed,3,ac419100,6,0.0003989113913,0.002580283695
f1,test,impressed,3,ac370419,1,0.0003135718178,0.0003135718178
f1,test,impressed,3,ac378452,1,0.0003135718178,0.0003135718178
f1,test,impressed,3,ac411100,7,0.0002690388775,0.002580283695
f1,test,impressed,3,ac356134,1,0.0001225017966,0.0001225017966
f1,test,impressed,3,376400,3,-0.0001655513953,0.0003135718178
f1,test,impressed,3,377498a,1,-0.0003416124588,-0.0003416124588
f1,test,impressed,3,ac372417,1,-0.0003416124588,-0.0003416124588
f1,test,impressed,3,ac370000,1,-0.0004686135449,-0.0004686135449
f1,test,impressed,3,ac355427,1,-0.0006963901369,-0.0006963901369
f1,test,impressed,3,ac10307,1,-0.0007610350903,-0.0007610350903
f1,train,impressed,3,ac415100,3,0.009539428501,0.02404341126
f1,train,impressed,3,ac10307,1,0.007418886072,0.007418886072
f1,train,impressed,3,ac419100,6,0.007302768868,0.02404341126
f1,train,impressed,3,ac411100,7,0.007038989468,0.02404341126
f1,train,impressed,3,ac370000,1,0.005485870946,0.005485870946
f1,train,impressed,3,ac356134,1,0.003743234116,0.003743234116
f1,train,impressed,3,ac355201,2,0.003417765633,0.004533315207
f1,train,impressed,3,376400,3,0.002278702326,0.005485870946
f1,train,impressed,3,ac410500,1,0.002272658185,0.002272658185
f1,train,impressed,3,ac355427,1,0.001775550494,0.001775550494
f1,train,impressed,3,377498a,1,0.001086421528,0.001086421528
f1,train,impressed,3,ac372417,1,0.001086421528,0.001086421528
f1,train,impressed,3,ac370419,1,0.0002638145021,0.0002638145021
f1,train,impressed,3,ac378452,1,0.0002638145021,0.0002638145021
f2,test,apriori,1,ac370000,1,0.03761131087,0.03761131087
f2,test,apriori,1,370712b,1,0.01362077843,0.01362077843
f2,test,apriori,1,ac370419,1,0.01061735087,0.01061735087
f2,test,apriori,1,ac370442,1,0.01038700944,0.01038700944
f2,test,apriori,1,ac370443,1,0.009979902474,0.009979902474
f2,test,apriori,1,ac379999,1,0.009293952732,0.009293952732
f2,test,apriori,1,370407,1,0.008992252765,0.008992252765
f2,test,apriori,1,ac419100,1,0.004246209214,0.004246209214
f2,test,apriori,1,ac411100,1,0.001562658555,0.001562658555
f2,test,apriori,1,ac410100,1,0.001431507372,0.001431507372
f2,train,apriori,1,ac370000,1,0.1154760713,0.1154760713
f2,train,apriori,1,ac379999,1,0.05986765165,0.05986765165
f2,train,apriori,1,ac419100,1,0.04900246228,0.04900246228
f2,train,apriori,1,370407,1,0.03863534678,0.03863534678
f2,train,apriori,1,ac370419,1,0.03834895423,0.03834895423
f2,train,apriori,1,ac410100,1,0.03703779514,0.03703779514
f2,train,apriori,1,ac370443,1,0.03579951459,0.03579951459
f2,train,apriori,1,ac370442,1,0.03523693382,0.03523693382
f2,train,apriori,1,370712b,1,0.0341569647,0.0341569647
f2,train,apriori,1,ac411100,1,0.02974048644,0.02974048644
f2,test,apriori,2,ac370442,1,0.03637944361,0.03637944361
f2,test,apriori,2,ac370443,2,0.03360203754,0.03461537712
f2,test,apriori,2,ac370000,6,0.03018796619,0.03967780298
f2,test,apriori,2,ac370419,3,0.02782396184,0.03735690351
f2,test,apriori,2,370407,2,0.02471429478,0.03967780298
f2,test,apriori,2,ac419100,2,0.01358562026,0.01564438089
f2,test,apriori,2,ac379999,4,0.01306445483,0.01948056822
f2,train,apriori,2,ac370000,6,0.0890472189,0.09443870911
f2,train,apriori,2,ac370442,1,0.08732211211,0.08732211211
f2,train,apriori,2,ac370443,2,0.08306991562,0.08812875925
f2,train,apriori,2,ac370419,3,0.0761091671,0.0928525057
f2,train,apriori,2,370407,2,0.07494168547,0.09443870911
f2,train,apriori,2,ac419100,2,0.0730232617,0.0802391562
f2,train,apriori,2,ac379999,4,0.06750450593,0.09130207104
f2,test,apriori,3,ac370442,3,0.05737495941,0.05854439503
f2,test,apriori,3,ac370419,5,0.05469094292,0.06084602599
f2,test,apriori,3,ac370443,5,0.05323185813,0.05919753154
f2,test,apriori,3,370407,3,0.05171956807,0.06084602599
f2,test,apriori,3,ac370000,9,0.04698696553,0.06084602599
f2,test,apriori,3,ac379999,4,0.03192792058,0.03980749761
f2,test,apriori,3,ac419100,1,0.01803744594,0.01803744594
f2,train,apriori,3,ac370442,3,0.1159031511,0.1206992827
f2,train,apriori,3,ac370419,5,0.1143936977,0.1217707054
f2,train,apriori,3,370407,3,0.112622223,0.1217707054
f2,train,apriori,3,ac370443,5,0.1124613653,0.1207877954
f2,train,apriori,3,ac370000,9,0.1089821655,0.1217707054
f2,train,apriori,3,ac379999,4,0.09479883286,0.1004868551
f2,train,apriori,3,ac419100,1,0.08730376018,0.08730376018
f2,test,impressed,1,376400,1,0.1196373513,0.1196373513
f2,test,impressed,1,ac370000,1,0.03761131087,0.03761131087
f2,test,impressed,1,378619a,1,0.02490124319,0.02490124319
f2,test,impressed,1,ac379999,1,0.009293952732,0.009293952732
f2,test,impressed,1,ac419100,1,0.004246209214,0.004246209214
f2,test,impressed,1,ac10307,1,0.001876572766,0.001876572766
f2,test,impressed,1,ac378431,1,0.001576634396,0.001576634396
f2,test,impressed,1,ac415100,1,0.0009140078365,0.0009140078365
f2,test,impressed,1,378490e,1,0,0
f2,test,impressed,1,ac337441,1,0,0
f2,train,impressed,1,376400,1,0.1368774291,0.1368774291
f2,train,impressed,1,ac370000,1,0.1154760713,0.1154760713
f2,train,impressed,1,ac379999,1,0.05986765165,0.05986765165
f2,train,impressed,1,378619a,1,0.05411692367,0.05411692367
f2,train,impressed,1,ac419100,1,0.04900246228,0.04900246228
f2,train,impressed,1,ac415100,1,0.01492227025,0.01492227025
f2,train,impressed,1,ac10307,1,0.005425041546,0.005425041546
f2,train,impressed,1,ac378431,1,0.001495749448,0.001495749448
f2,train,impressed,1,378490e,1,0.0001209128082,0.0001209128082
f2,train,impressed,1,ac337441,1,0,0
f2,test,impressed,2,370715a,1,0.1209691924,0.1209691924
f2,test,impressed,2,370712b,1,0.1206467246,0.1206467246
f2,test,impressed,2,376400,5,0.1206327072,0.1339874706
f2,test,impressed,2,377498a,1,0.1173003538,0.1173003538
f2,test,impressed,2,378619a,3,0.06196131337,0.1339874706
f2,test,impressed,2,ac379999,3,0.04890210028,0.1102597946
f2,test,impressed,2,370401c,1,0.04004647262,0.04004647262
f2,test,impressed,2,ac370000,2,0.03758083736,0.04004647262
f2,test,impressed,2,ac370403,1,0.03511520209,0.03511520209
f2,test,impressed,2,ac419100,2,0.01925184127,0.0269768229
f2,train,impressed,2,376400,5,0.1437856118,0.1633689779
f2,train,impressed,2,370712b,1,0.1394343781,0.1394343781
f2,train,impressed,2,370715a,1,0.138062211,0.138062211
f2,train,impressed,2,377498a,1,0.1334909492,0.1334909492
f2,train,impressed,2,378619a,3,0.09974834925,0.1633689779
f2,train,impressed,2,ac379999,3,0.09324629907,0.1445715428
f2,train,impressed,2,370401c,1,0.08984319255,0.08984319255
f2,train,impressed,2,ac370000,2,0.08776319241,0.08984319255
f2,train,impressed,2,ac370403,1,0.08568319227,0.08568319227
f2,train,impressed,2,ac419100,2,0.06616172493,0.06651608265
f2,test,impressed,3,377498a,4,0.1146056395,0.1261798651
f2,test,impressed,3,ac372417,1,0.1110751973,0.1110751973
f2,test,impressed,3,ac370606,1,0.1079069173,0.1079069173
f2,test,impressed,3,376400,6,0.1010270897,0.1308889237
f2,test,impressed,3,ac379999,5,0.06185242222,0.1308889237
f2,test,impressed,3,378619a,6,0.05650540913,0.1308889237
f2,test,impressed,3,ac370000,1,0.02461671997,0.02461671997
f2,test,impressed,3,ac411100,1,0.01685105674,0.01685105674
f2,test,impressed,3,ac419100,2,0.01525816901,0.02731214778
f2,test,impressed,3,387042a,2,0.008193965846,0.01318374146
f2,test,impressed,3,ac410100,1,0.003204190234,0.003204190234
f2,train,impressed,3,377498a,4,0.1323465713,0.1442676279
f2,train,impressed,3,ac372417,1,0.1312112286,0.1312112286
f2,train,impressed,3,376400,6,0.122483781,0.1681578041
f2,train,impressed,3,ac370606,1,0.1185764013,0.1185764013
f2,train,impressed,3,ac379999,5,0.0992236374,0.1681578041
f2,train,impressed,3,378619a,6,0.09040223077,0.1681578041
f2,train,impressed,3,ac370000,1,0.08582968539,0.08582968539
f2,train,impressed,3,ac419100,2,0.04576234129,0.07594087596
f2,train,impressed,3,ac411100,1,0.03735859695,0.03735859695
f2,train,impressed,3,387042a,2,0.02322130047,0.03085879431
f2,train,impressed,3,ac410100,1,0.01558380662,0.01558380662
f3,test,apriori,1,ac370000,1,0.1507338196,0.1507338196
f3,test,apriori,1,370407,1,0.002417887796,0.002417887796
f3,test,apriori,1,370712b,1,0.001071560025,0.001071560025
f3,test,apriori,1,ac370419,1,0.0007685418619,0.0007685418619
f3,test,apriori,1,370488e,1,0.0003548916025,0.0003548916025
f3,test,apriori,1,370488g,1,0.0003031763872,0.0003031763872
f3,test,apriori,1,370715a,1,0.000194233992,0.000194233992
f3,test,apriori,1,ac370443,1,-0.0006610989974,-0.0006610989974
f3,test,apriori,1,ac370442,1,-0.0008100473002,-0.0008100473002
f3,test,apriori,1,ac419100,1,-0.0008744668929,-0.0008744668929
f3,train,apriori,1,ac370000,1,0.1981919344,0.1981919344
f3,train,apriori,1,ac419100,1,0.02511508339,0.02511508339
f3,train,apriori,1,370407,1,0.01670346179,0.01670346179
f3,train,apriori,1,ac370419,1,0.01269810135,0.01269810135
f3,train,apriori,1,370488e,1,0.008937560343,0.008937560343
f3,train,apriori,1,370712b,1,0.00820150339,0.00820150339
f3,train,apriori,1,ac370443,1,0.007868245655,0.007868245655
f3,train,apriori,1,ac370442,1,0.00773632959,0.00773632959
f3,train,apriori,1,370488g,1,0.007377670267,0.007377670267
f3,train,apriori,1,370715a,1,0.007234495465,0.007234495465
f3,test,apriori,2,ac370000,5,0.01133402682,0.01342744449
f3,test,apriori,2,370712b,1,0.009854116641,0.009854116641
f3,test,apriori,2,370407,3,0.005296192622,0.01232727737
f3,test,apriori,2,ac370419,4,0.003850159729,0.01342744449
f3,test,apriori,2,ac370442,3,0.003337580427,0.01093453277
f3,test,apriori,2,ac370443,4,0.002747930566,0.01012676281
f3,train,apriori,2,ac370000,5,0.0328216274,0.03870446459
f3,train,apriori,2,370712b,1,0.02842808851,0.02842808851
f3,train,apriori,2,370407,3,0.02428375918,0.03870446459
f3,train,apriori,2,ac370419,4,0.02060920397,0.03670069192
f3,train,apriori,2,ac370442,3,0.01807265957,0.03044966526
f3,train,apriori,2,ac370443,4,0.01728439307,0.02982522671
f3,test,apriori,3,ac370000,6,0.0129420007,0.01390545541
f3,test,apriori,3,370407,6,0.007701072931,0.01390545541
f3,test,apriori,3,ac370419,6,0.007269271562,0.01390545541
f3,test,apriori,3,ac370442,6,0.00701620721,0.01347223557
f3,test,apriori,3,ac370443,6,0.006870590363,0.01311087293
f3,train,apriori,3,ac370000,6,0.03450325329,0.03879345215
f3,train,apriori,3,370407,6,0.02650344795,0.03879345215
f3,train,apriori,3,ac370419,6,0.02629567672,0.03879345215
f3,train,apriori,3,ac370443,6,0.02499150913,0.03422809603
f3,train,apriori,3,ac370442,6,0.02496443187,0.03403866186
f3,test,impressed,1,ac370000,1,0.1507338196,0.1507338196
f3,test,impressed,1,ac370402,1,0.001152419789,0.001152419789
f3,test,impressed,1,ac355427,1,0.000587934221,0.000587934221
f3,test,impressed,1,370488e,1,0.0003548916025,0.0003548916025
f3,test,impressed,1,370488g,1,0.0003031763872,0.0003031763872
f3,test,impressed,1,ac388170,1,0.000155602426,0.000155602426
f3,test,impressed,1,387070a,1,0,0
f3,test,impressed,1,ac419100,1,-0.0008744668929,-0.0008744668929
f3,test,impressed,1,ac415100,1,-0.00106419757,-0.00106419757
f3,test,impressed,1,ac10307,1,-0.00139392073,-0.00139392073
f3,train,impressed,1,ac370000,1,0.1981919344,0.1981919344
f3,train,impressed,1,ac419100,1,0.02511508339,0.02511508339
f3,train,impressed,1,ac370402,1,0.01027297339,0.01027297339
f3,train,impressed,1,370488e,1,0.008937560343,0.008937560343
f3,train,impressed,1,ac415100,1,0.008390174248,0.008390174248
f3,train,impressed,1,370488g,1,0.007377670267,0.007377670267
f3,train,impressed,1,ac10307,1,0.005738669455,0.005738669455
f3,train,impressed,1,ac355427,1,0.001869675109,0.001869675109
f3,train,impressed,1,ac388170,1,0.0001101557617,0.0001101557617
f3,train,impressed,1,387070a,1,0,0
f3,test,impressed,2,ac370403,1,0.01940920101,0.01940920101
f3,test,impressed,2,370401c,1,0.01920009807,0.01920009807
f3,test,impressed,2,ac370000,3,0.01901713412,0.01940920101
f3,test,impressed,2,ac370402,1,0.01844210327,0.01844210327
f3,test,impressed,2,ac355201,1,0.001000253249,0.001000253249
f3,test,impressed,2,ac415100,4,0.0002762393852,0.001000253249
f3,test,impressed,2,ac419100,3,0.0001182783692,0.001151988967
f3,test,impressed,2,ac411100,3,7.476135592e-05,0.001151988967
f3,test,impressed,2,ac10307,3,-0.001404672005,-0.001192226482
f3,train,impressed,2,370401c,1,0.03928581074,0.03928581074
f3,train,impressed,2,ac370403,1,0.03885973231,0.03885973231
f3,train,impressed,2,ac370000,3,0.03812886442,0.03928581074
f3,train,impressed,2,ac370402,1,0.03624105021,0.03624105021
f3,train,impressed,2,ac411100,3,0.01420675534,0.02327428205
f3,train,impressed,2,ac419100,3,0.01394032398,0.02327428205
f3,train,impressed,2,ac415100,4,0.007960347507,0.01331514059
f3,train,impressed,2,ac10307,3,0.005240547827,0.006030843385
f3,train,impressed,2,ac355201,1,0.00168683425,0.00168683425
f3,test,impressed,3,ac379999,1,0.0008092375721,0.0008092375721
f3,test,impressed,3,ac410500,1,0.0007127601016,0.0007127601016
f3,test,impressed,3,ac355201,2,0.0005157877169,0.001279054912
f3,test,impressed,3,ac355427,1,0.0002921169462,0.0002921169462
f3,test,impressed,3,ac419100,6,0.0002718288309,0.001405848081
f3,test,impressed,3,376400,1,0.0001917631695,0.0001917631695
f3,test,impressed,3,ac415100,6,0.0001867087492,0.001405848081
f3,test,impressed,3,ac411100,6,-0.0005372797155,0.001405848081
f3,test,impressed,3,370407,1,-0.0006821102422,-0.0006821102422
f3,test,impressed,3,ac370000,3,-0.001289704064,0.0001917631695
f3,test,impressed,3,ac10307,2,-0.001294957645,-0.0006821102422
f3,train,impressed,3,ac379999,1,0.01017185197,0.01017185197
f3,train,impressed,3,ac370000,3,0.007147999822,0.01165955518
f3,train,impressed,3,370407,1,0.007081906346,0.007081906346
f3,train,impressed,3,ac415100,6,0.006638208805,0.01372584752
f3,train,impressed,3,ac10307,2,0.006618002744,0.007081906346
f3,train,impressed,3,ac411100,6,0.006094765685,0.01372584752
f3,train,impressed,3,ac419100,6,0.006006494503,0.01372584752
f3,train,impressed,3,376400,1,0.00270253794,0.00270253794
f3,train,impressed,3,ac355201,2,0.002197991926,0.002375121574
f3,train,impressed,3,ac355427,1,0.001591184538,0.001591184538
f3,train,impressed,3,ac410500,1,0.0003056920545,0.0003056920545
f1,test,apriori,all,ac370000,11,0.004467234238,0.00836460344
f1,test,apriori,all,ac370442,11,0.003246692678,0.00836460344
f1,test,apriori,all,370407,11,0.002992394954,0.00836460344
f1,test,apriori,all,ac370443,11,0.002830639965,0.007704930961
f1,test,apriori,all,ac370419,11,0.002076079624,0.005648215124
f1,test,apriori,all,ac419100,1,0.0003402258288,0.0003402258288
f1,test,apriori,all,370715a,1,4.808140441e-05,4.808140441e-05
f1,test,apriori,all,ac370403,1,-0.0001865246602,-0.0001865246602
f1,test,apriori,all,370712b,1,-0.0003734013085,-0.0003734013085
f1,test,apriori,all,370488e,1,-0.001008642051,-0.001008642051
f1,train,apriori,all,ac370000,11,0.04110487242,0.06817670472
f1,train,apriori,all,ac419100,1,0.04108531492,0.04108531492
f1,train,apriori,all,370407,11,0.03243962727,0.04162881431
f1,train,apriori,all,ac370419,11,0.03064870114,0.04162881431
f1,train,apriori,all,ac370442,11,0.03043382358,0.04155069387
f1,train,apriori,all,ac370443,11,0.03004493781,0.04070311756
f1,train,apriori,all,ac370403,1,0.01414388653,0.01414388653
f1,train,apriori,all,370712b,1,0.0116384158,0.0116384158
f1,train,apriori,all,370488e,1,0.01075092857,0.01075092857
f1,train,apriori,all,370715a,1,0.01022385472,0.01022385472
f1,test,impressed,all,ac370403,1,0.003285912404,0.003285912404
f1,test,impressed,all,370401c,1,0.002619801399,0.002619801399
f1,test,impressed,all,ac370000,4,0.00214935689,0.003285912404
f1,test,impressed,all,ac415100,7,0.001797058734,0.004225278391
f1,test,impressed,all,ac10307,4,0.000859285237,0.002855028656
f1,test,impressed,all,ac410500,1,0.0007768657204,0.0007768657204
f1,test,impressed,all,ac378449,1,0.0007044691969,0.0007044691969
f1,test,impressed,all,ac411100,11,0.0006986513059,0.004225278391
f1,test,impressed,all,ac419100,10,0.0005647709764,0.002657082742
f1,test,impressed,all,ac355201,3,0.0004632945907,0.0008184483808
f1,test,impressed,all,ac370419,1,0.0003135718178,0.0003135718178
f1,test,impressed,all,ac378452,1,0.0003135718178,0.0003135718178
f1,test,impressed,all,ac356134,1,0.0001225017966,0.0001225017966
f1,test,impressed,all,337419c,1,0,0
f1,test,impressed,all,377498a,1,-0.0003416124588,-0.0003416124588
f1,test,impressed,all,ac372417,1,-0.0003416124588,-0.0003416124588
f1,test,impressed,all,376400,6,-0.0003597662389,0.0003135718178
f1,test,impressed,all,370407,1,-0.000498229957,-0.000498229957
f1,test,impressed,all,ac355427,2,-0.0005377060127,-0.0003790218884
f1,test,impressed,all,370715a,1,-0.0005888323644,-0.0005888323644
f1,test,impressed,all,370712b,1,-0.0008886126793,-0.0008886126793
f1,train,impressed,all,ac370000,4,0.03333862742,0.06817670472
f1,train,impressed,all,ac370403,1,0.03146928997,0.03146928997
f1,train,impressed,all,370401c,1,0.02822264406,0.02822264406
f1,train,impressed,all,370407,1,0.02086927964,0.02086927964
f1,train,impressed,all,ac419100,10,0.01470371757,0.04108531492
f1,train,impressed,all,ac415100,7,0.0137544428,0.02443678992
f1,train,impressed,all,ac411100,11,0.01326567444,0.03161918051
f1,train,impressed,all,ac10307,4,0.00815048798,0.009352372635
f1,train,impressed,all,ac356134,1,0.003743234116,0.003743234116
f1,train,impressed,all,ac355201,3,0.002794507552,0.004533315207
f1,train,impressed,all,376400,6,0.002700491888,0.006388950097
f1,train,impressed,all,ac410500,1,0.002272658185,0.002272658185
f1,train,impressed,all,370712b,1,0.001505568334,0.001505568334
f1,train,impressed,all,370715a,1,0.001472325918,0.001472325918
f1,train,impressed,all,ac355427,2,0.001455691399,0.001775550494
f1,train,impressed,all,377498a,1,0.001086421528,0.001086421528
f1,train,impressed,all,ac372417,1,0.001086421528,0.001086421528
f1,train,impressed,all,ac378449,1,0.0005595121574,0.0005595121574
f1,train,impressed,all,ac370419,1,0.0002638145021,0.0002638145021
f1,train,impressed,all,ac378452,1,0.0002638145021,0.0002638145021
f1,train,impressed,all,337419c,1,0,0
f2,test,apriori,all,ac370442,5,0.04377826626,0.05854439503
f2,test,apriori,all,ac370443,8,0.04291790852,0.05919753154
f2,test,apriori,all,ac370419,9,0.04083821677,0.06084602599
f2,test,apriori,all,ac370000,16,0.04010136236,0.06084602599
f2,test,apriori,all,370407,6,0.03559659109,0.06084602599
f2,test,apriori,all,ac379999,9,0.02102927271,0.03980749761
f2,test,apriori,all,370712b,1,0.01362077843,0.01362077843
f2,test,apriori,all,ac419100,4,0.01236372392,0.01803744594
f2,test,apriori,all,ac411100,1,0.001562658555,0.001562658555
f2,test,apriori,all,ac410100,1,0.001431507372,0.001431507372
f2,train,apriori,all,ac370000,16,0.1019124296,0.1217707054
f2,train,apriori,all,ac370443,8,0.09553077156,0.1207877954
f2,train,apriori,all,ac370442,5,0.09405369987,0.1206992827
f2,train,apriori,all,ac370419,9,0.09318277158,0.1217707054
f2,train,apriori,all,370407,6,0.08773089777,0.1217707054
f2,train,apriori,all,ac379999,9,0.07878677853,0.1004868551
f2,train,apriori,all,ac419100,4,0.07058818647,0.08730376018
f2,train,apriori,all,ac410100,1,0.03703779514,0.03703779514
f2,train,apriori,all,370712b,1,0.0341569647,0.0341569647
f2,train,apriori,all,ac411100,1,0.02974048644,0.02974048644
f2,test,impressed,all,370715a,1,0.1209691924,0.1209691924
f2,test,impressed,all,370712b,1,0.1206467246,0.1206467246
f2,test,impressed,all,377498a,5,0.1151445823,0.1261798651
f2,test,impressed,all,ac372417,1,0.1110751973,0.1110751973
f2,test,impressed,all,376400,12,0.1107469522,0.1339874706
f2,test,impressed,all,ac370606,1,0.1079069173,0.1079069173
f2,test,impressed,all,378619a,10,0.05498176381,0.1339874706
f2,test,impressed,all,ac379999,9,0.05169581829,0.1308889237
f2,test,impressed,all,370401c,1,0.04004647262,0.04004647262
f2,test,impressed,all,ac370403,1,0.03511520209,0.03511520209
f2,test,impressed,all,ac370000,4,0.03434742639,0.04004647262
f2,test,impressed,all,ac411100,1,0.01685105674,0.01685105674
f2,test,impressed,all,ac419100,5,0.01465324595,0.02731214778
f2,test,impressed,all,387042a,2,0.008193965846,0.01318374146
f2,test,impressed,all,ac410100,1,0.003204190234,0.003204190234
f2,test,impressed,all,ac10307,1,0.001876572766,0.001876572766
f2,test,impressed,all,ac378431,1,0.001576634396,0.001576634396
f2,test,impressed,all,ac415100,1,0.0009140078365,0.0009140078365
f2,test,impressed,all,378490e,1,0,0
f2,test,impressed,all,ac337441,1,0,0
f2,train,impressed,all,370712b,1,0.1394343781,0.1394343781
f2,train,impressed,all,370715a,1,0.138062211,0.138062211
f2,train,impressed,all,377498a,5,0.1325754469,0.1442676279
f2,train,impressed,all,376400,12,0.1325590145,0.1681578041
f2,train,impressed,all,ac372417,1,0.1312112286,0.1312112286
f2,train,impressed,all,ac370606,1,0.1185764013,0.1185764013
f2,train,impressed,all,ac370000,4,0.09420803538,0.1154760713
f2,train,impressed,all,ac379999,9,0.09285830398,0.1681578041
f2,train,impressed,all,370401c,1,0.08984319255,0.08984319255
f2,train,impressed,all,378619a,10,0.0895775356,0.1681578041
f2,train,impressed,all,ac370403,1,0.08568319227,0.08568319227
f2,train,impressed,all,ac419100,5,0.05457011894,0.07594087596
f2,train,impressed,all,ac411100,1,0.03735859695,0.03735859695
f2,train,impressed,all,387042a,2,0.02322130047,0.03085879431
f2,train,impressed,all,ac410100,1,0.01558380662,0.01558380662
f2,train,impressed,all,ac415100,1,0.01492227025,0.01492227025
f2,train,impressed,all,ac10307,1,0.005425041546,0.005425041546
f2,train,impressed,all,ac378431,1,0.001495749448,0.001495749448
f2,train,impressed,all,378490e,1,0.0001209128082,0.0001209128082
f2,train,impressed,all,ac337441,1,0,0
f3,test,apriori,all,ac370000,12,0.02375466315,0.1507338196
f3,test,apriori,all,370407,10,0.006451290325,0.01390545541
f3,test,apriori,all,370712b,2,0.005462838333,0.009854116641
f3,test,apriori,all,ac370419,11,0.005434982741,0.01390545541
f3,test,apriori,all,ac370442,10,0.005129993724,0.01347223557
f3,test,apriori,all,ac370443,11,0.004686742313,0.01311087293
f3,test,apriori,all,370488e,1,0.0003548916025,0.0003548916025
f3,test,apriori,all,370488g,1,0.0003031763872,0.0003031763872
f3,test,apriori,all,370715a,1,0.000194233992,0.000194233992
f3,test,apriori,all,ac419100,1,-0.0008744668929,-0.0008744668929
f3,train,apriori,all,ac370000,12,0.04744329926,0.1981919344
f3,train,apriori,all,ac419100,1,0.02511508339,0.02511508339
f3,train,apriori,all,370407,10,0.0248575427,0.03879345215
f3,train,apriori,all,ac370419,11,0.02299172523,0.03879345215
f3,train,apriori,all,ac370442,10,0.02117408995,0.03403866186
f3,train,apriori,all,ac370443,11,0.02063226116,0.03422809603
f3,train,apriori,all,370712b,2,0.01831479595,0.02842808851
f3,train,apriori,all,370488e,1,0.008937560343,0.008937560343
f3,train,apriori,all,370488g,1,0.007377670267,0.007377670267
f3,train,apriori,all,370715a,1,0.007234495465,0.007234495465
f3,test,impressed,all,ac370000,7,0.02913087282,0.1507338196
f3,test,impressed,all,ac370403,1,0.01940920101,0.01940920101
f3,test,impressed,all,370401c,1,0.01920009807,0.01920009807
f3,test,impressed,all,ac370402,2,0.009797261528,0.01844210327
f3,test,impressed,all,ac379999,1,0.0008092375721,0.0008092375721
f3,test,impressed,all,ac410500,1,0.0007127601016,0.0007127601016
f3,test,impressed,all,ac355201,3,0.0006772762276,0.001279054912
f3,test,impressed,all,ac355427,2,0.0004400255836,0.000587934221
f3,test,impressed,all,370488e,1,0.0003548916025,0.0003548916025
f3,test,impressed,all,370488g,1,0.0003031763872,0.0003031763872
f3,test,impressed,all,376400,1,0.0001917631695,0.0001917631695
f3,test,impressed,all,ac388170,1,0.000155602426,0.000155602426
f3,test,impressed,all,ac419100,10,0.00011113412,0.001405848081
f3,test,impressed,all,ac415100,11,0.0001055465878,0.001405848081
f3,test,impressed,all,387070a,1,0,0
f3,test,impressed,all,ac411100,9,-0.000333266025,0.001405848081
f3,test,impressed,all,370407,1,-0.0006821102422,-0.0006821102422
f3,test,impressed,all,ac10307,6,-0.001366308672,-0.0006821102422
f3,train,impressed,all,ac370000,7,0.04771750388,0.1981919344
f3,train,impressed,all,370401c,1,0.03928581074,0.03928581074
f3,train,impressed,all,ac370403,1,0.03885973231,0.03885973231
f3,train,impressed,all,ac370402,2,0.0232570118,0.03624105021
f3,train,impressed,all,ac419100,10,0.01029750223,0.02511508339
f3,train,impressed,all,ac379999,1,0.01017185197,0.01017185197
f3,train,impressed,all,370488e,1,0.008937560343,0.008937560343
f3,train,impressed,all,ac411100,9,0.008798762237,0.02327428205
f3,train,impressed,all,370488g,1,0.007377670267,0.007377670267
f3,train,impressed,all,ac415100,11,0.0072782561,0.01372584752
f3,train,impressed,all,370407,1,0.007081906346,0.007081906346
f3,train,impressed,all,ac10307,6,0.005782719737,0.007081906346
f3,train,impressed,all,376400,1,0.00270253794,0.00270253794
f3,train,impressed,all,ac355201,3,0.002027606034,0.002375121574
f3,train,impressed,all,ac355427,2,0.001730429823,0.001869675109
f3,train,impressed,all,ac410500,1,0.0003056920545,0.0003056920545
f3,train,impressed,all,ac388170,1,0.0001101557617,0.0001101557617
f3,train,impressed,all,387070a,1,0,0
