log,score_on,strategy,length,n_sets,sets_few_traces,stability_spearman,stability_kendall,selection_spearman,selection_kendall,changed_spearman
f1,test,apriori,1,10,0,0.6363636364,0.5111111111,0.3818181818,0.2888888889,0.103030303
f1,test,apriori,2,10,0,0.8787878788,0.8222222222,0.2606060606,0.02222222222,0.2606060606
f1,test,apriori,3,10,0,0.6606060606,0.5555555556,0.07878787879,0.02222222222,0.07878787879
f1,test,impressed,1,10,1,0.7575757576,0.6,0.1878787879,0.1111111111,0.07878787879
f1,test,impressed,2,10,0,0.9151515152,0.7777777778,-0.4060606061,-0.2444444444,0.07878787879
f1,test,impressed,3,10,2,0.6121212121,0.4666666667,-0.04242424242,-0.06666666667,-0.04242424242
f1,train,apriori,1,10,0,1,1,0.8424242424,0.7333333333,0.7454545455
f1,train,apriori,2,10,0,0.9878787879,0.9555555556,0.6363636364,0.4666666667,0.6363636364
f1,train,apriori,3,10,0,0.9272727273,0.8222222222,0.3090909091,0.1111111111,0.2363636364
f1,train,impressed,1,10,1,1,1,0.3575757576,0.2888888889,0.9272727273
f1,train,impressed,2,10,0,0.9757575758,0.9111111111,-0.0303030303,0.1111111111,0.5515151515
f1,train,impressed,3,10,0,1,1,0.3454545455,0.2888888889,0.4060606061
f2,test,apriori,1,10,0,0.8303030303,0.6888888889,0.04242424242,-0.02222222222,0.1757575758
f2,test,apriori,2,10,0,0.9878787879,0.9555555556,-0.2242424242,-0.06666666667,-0.2363636364
f2,test,apriori,3,10,0,0.903030303,0.7777777778,-0.4666666667,-0.3777777778,-0.4303030303
f2,test,impressed,1,10,3,0.8170731707,0.7272727273,0.7902772068,0.6741998625,0.7538028742
f2,test,impressed,2,10,0,0.9878787879,0.9555555556,0.6848484848,0.4222222222,-0.7939393939
f2,test,impressed,3,10,0,0.9878787879,0.9555555556,0.8303030303,0.6444444444,0.4666666667
f2,train,apriori,1,10,0,1,1,0.9636363636,0.9111111111,0.9272727273
f2,train,apriori,2,10,0,1,1,0.2121212121,0.2,0.1878787879
f2,train,apriori,3,10,0,0.9878787879,0.9555555556,-0.3575757576,-0.2888888889,-0.3212121212
f2,train,impressed,1,10,2,1,1,0.7212121212,0.6,0.8060606061
f2,train,impressed,2,10,0,1,1,0.4787878788,0.3777777778,-0.6606060606
f2,train,impressed,3,10,0,1,1,0.7818181818,0.6,0.4787878788
f3,test,apriori,1,10,0,0.9151515152,0.7777777778,0.09090909091,0.1111111111,0.2
f3,test,apriori,2,10,0,0.9878787879,0.9555555556,0.5878787879,0.3777777778,0.5878787879
f3,test,apriori,3,10,0,0.8424242424,0.7333333333,0.4303030303,0.2888888889,0.3696969697
f3,test,impressed,1,10,2,0.8060606061,0.7333333333,-0.296969697,-0.2,0.3454545455
f3,test,impressed,2,10,0,0.8545454545,0.6888888889,0.7090909091,0.4666666667,0.7696969697
f3,test,impressed,3,10,1,0.903030303,0.7777777778,-0.1272727273,-0.1555555556,-0.04242424242
f3,train,apriori,1,10,0,0.9878787879,0.9555555556,0.8060606061,0.6444444444,0.8181818182
f3,train,apriori,2,10,0,1,1,0.6,0.4222222222,0.6
f3,train,apriori,3,10,0,0.8909090909,0.7777777778,0.6242424242,0.5111111111,0.6
f3,train,impressed,1,10,2,1,1,0.3212121212,0.2888888889,0.9393939394
f3,train,impressed,2,10,0,0.9878787879,0.9555555556,0.9636363636,0.9111111111,0.9757575758
f3,train,impressed,3,10,0,1,1,0.3939393939,0.3333333333,0.9636363636
