log,score_on,strategy,length,rank,itemset,importance,sd,n_seeds,seeds_positive,share_changed,traces_changed,folds_absent,se,few_traces,importance_rank
f1,test,apriori,1,1,ac370000,0.003160327303,0.004409403771,10,8,0.687300885,155.33,0,0.001394375904,False,1
f1,test,apriori,1,2,ac419100,0.0003402258288,0.003763521522,10,7,0.5359026549,121.114,0,0.001190130003,False,2
f1,test,apriori,1,3,370407,-0.000498229957,0.003758786861,10,3,0.5689026549,128.572,0,0.001188632772,False,6
f1,test,apriori,1,4,ac370419,-0.0006818016754,0.002321083427,10,3,0.5539026549,125.182,0,0.000733991027,False,7
f1,test,apriori,1,5,ac370443,-0.001275550099,0.002779639162,10,2,0.5402123894,122.088,0,0.0008789990826,False,10
f1,test,apriori,1,6,ac370442,-0.0007952975777,0.003171917279,10,2,0.5360619469,121.15,0,0.001003048315,False,8
f1,test,apriori,1,7,370712b,-0.0003734013085,0.00248534572,10,3,0.5174513274,116.944,0,0.0007859353248,False,5
f1,test,apriori,1,8,370715a,4.808140441e-05,0.002424848714,10,4,0.5147699115,116.338,0,0.0007668044916,False,3
f1,test,apriori,1,9,ac370403,-0.0001865246602,0.003086866211,10,3,0.5133185841,116.01,0,0.0009761528057,False,4
f1,test,apriori,1,10,370488e,-0.001008642051,0.002541111218,10,4,0.5126371681,115.856,0,0.0008035699238,False,9
f1,test,apriori,2,1,"370407, ac370000",0.000996287159,0.003994242029,10,5,0.5880619469,132.902,0,0.001263090234,False,4
f1,test,apriori,2,2,"ac370000, ac370419",0.001062875894,0.004404946194,10,6,0.5743274336,129.798,0,0.001392966294,False,3
f1,test,apriori,2,3,"ac370000, ac370443",0.003345256942,0.003677586819,10,9,0.5608761062,126.758,0,0.001162955064,False,2
f1,test,apriori,2,4,"ac370419, ac370443",-0.001200712138,0.003233324396,10,2,0.5604070796,126.652,0,0.00102246695,False,10
f1,test,apriori,2,5,"370407, ac370419",-0.0006102565914,0.003198412784,10,3,0.5577876106,126.06,0,0.00101142693,False,9
f1,test,apriori,2,6,"ac370000, ac370442",0.003981909391,0.00413111347,10,8,0.5565752212,125.786,0,0.001306372784,False,1
f1,test,apriori,2,7,"ac370419, ac370442",-0.0003371218776,0.003059251547,10,3,0.5553539823,125.51,0,0.0009674202825,False,8
f1,test,apriori,2,8,"ac370442, ac370443",0.0004332670542,0.003568803217,10,5,0.555,125.43,0,0.001128554669,False,6
f1,test,apriori,2,9,"370407, ac370443",0.0003650303913,0.003657950046,10,4,0.5474955752,123.734,0,0.001156745371,False,7
f1,test,apriori,2,10,"370407, ac370442",0.0007468212606,0.003127270633,10,6,0.5429380531,122.704,0,0.000988929806,False,5
f1,test,apriori,3,1,"ac370000, ac370419, ac370443",0.00457468832,0.004227826768,10,10,0.5616548673,126.934,0,0.001336956214,False,5
f1,test,apriori,3,2,"370407, ac370000, ac370419",0.005648215124,0.003539362571,10,10,0.5589734513,126.328,0,0.001119244719,False,4
f1,test,apriori,3,3,"ac370000, ac370419, ac370442",0.003890337354,0.005239500561,10,9,0.5564690265,125.762,0,0.001656875557,False,8
f1,test,apriori,3,4,"ac370000, ac370442, ac370443",0.007704930961,0.004354813597,10,10,0.5563274336,125.73,0,0.001377112975,False,2
f1,test,apriori,3,5,"ac370419, ac370442, ac370443",0.003335782159,0.003528546645,10,8,0.5546725664,125.356,0,0.001115824423,False,9
f1,test,apriori,3,6,"370407, ac370000, ac370443",0.006410144732,0.003649568101,10,10,0.5484955752,123.96,0,0.001154094768,False,3
f1,test,apriori,3,7,"370407, ac370419, ac370443",0.003105341646,0.004144503242,10,8,0.5484778761,123.956,0,0.001310607001,False,10
f1,test,apriori,3,8,"370407, ac370000, ac370442",0.00836460344,0.00473423567,10,10,0.5440176991,122.948,0,0.00149709677,False,1
f1,test,apriori,3,9,"370407, ac370419, ac370442",0.004049527649,0.003804525381,10,9,0.5432743363,122.78,0,0.001203096562,False,7
f1,test,apriori,3,10,"370407, ac370442, ac370443",0.004338859642,0.003954037806,10,9,0.5414247788,122.362,0,0.001250376542,False,6
f1,test,impressed,1,1,376400,-0.0001844982039,0.001152564796,10,5,0.2765309735,62.496,0,0.0003644729906,False,8
f1,test,impressed,1,2,ac419100,0.0003402258288,0.003763521522,10,7,0.5359026549,121.114,0,0.001190130003,False,6
f1,test,impressed,1,3,ac370000,0.003160327303,0.004409403771,10,8,0.687300885,155.33,0,0.001394375904,False,1
f1,test,impressed,1,4,ac415100,0.00127967652,0.002927292892,10,7,0.2125309735,48.032,0,0.0009256912919,False,3
f1,test,impressed,1,5,ac10307,0.002855028656,0.001680967285,10,10,0.1039026549,23.482,0,0.0005315685292,False,2
f1,test,impressed,1,6,ac355427,-0.0003790218884,0.0005306613053,10,3,0.02811504425,6.354,0,0.0001678098391,False,9
f1,test,impressed,1,7,337419c,0,0,10,0,0.001734513274,0.392,27,0,True,7
f1,test,impressed,1,8,ac411100,0.000589591435,0.003871789432,10,5,0.4087522124,92.378,0,0.001224367323,False,5
f1,test,impressed,1,9,370407,-0.000498229957,0.003758786861,10,3,0.5689026549,128.572,0,0.001188632772,False,10
f1,test,impressed,1,10,ac378449,0.0007044691969,0.0005499990663,10,9,0.01680530973,3.798,0,0.000173924976,False,4
f1,test,impressed,2,1,"370715a, 376400",-0.0005888323644,0.001252642953,10,3,0.261619469,59.126,0,0.0003961204828,False,9
f1,test,impressed,2,2,"370712b, 376400",-0.0008886126793,0.001074584403,10,3,0.2615486726,59.11,0,0.0003398134252,False,10
f1,test,impressed,2,3,"ac411100, ac419100",-4.959607004e-05,0.003478755109,10,5,0.3566814159,80.61,0,0.001100078957,False,8
f1,test,impressed,2,4,"370401c, ac370000",0.002619801399,0.003241921339,10,7,0.5202477876,117.576,0,0.001025185542,False,4
f1,test,impressed,2,5,"ac370000, ac370403",0.003285912404,0.003481395457,10,8,0.5352035398,120.956,0,0.001100913908,False,2
f1,test,impressed,2,6,"ac411100, ac415100",0.004225278391,0.003157874883,10,10,0.1848141593,41.768,0,0.0009986077197,False,1
f1,test,impressed,2,7,"ac415100, ac419100",0.002657082742,0.003937468878,10,7,0.2,45.2,0,0.001245136987,False,3
f1,test,impressed,2,8,"ac10307, ac419100",0.0003065289156,0.001252459408,10,6,0.1012654867,22.886,0,0.0003960624405,False,6
f1,test,impressed,2,9,"ac10307, ac411100",0.001036618466,0.001448685564,10,7,0.1117168142,25.248,0,0.0004581145995,False,5
f1,test,impressed,2,10,"ac355201, ac415100",0.0002417756888,0.001023642527,10,6,0.0287699115,6.502,0,0.0003237041896,False,7
f1,test,impressed,3,1,"376400, 377498a, ac372417",-0.0003416124588,0.0009026011709,10,4,0.2529734513,57.172,0,0.0002854275519,False,7
f1,test,impressed,3,2,"ac411100, ac415100, ac419100",0.002580283695,0.003182165957,10,8,0.1673274336,37.816,0,0.001006289232,False,1
f1,test,impressed,3,3,"ac10307, ac411100, ac419100",-0.0007610350903,0.001422735034,10,3,0.09630088496,21.764,0,0.0004499083215,False,10
f1,test,impressed,3,4,"ac356134, ac411100, ac419100",0.0001225017966,0.001360112743,10,6,0.05567256637,12.582,0,0.0004301054142,False,6
f1,test,impressed,3,5,"ac355201, ac415100, ac419100",0.0008184483808,0.0009948707176,10,6,0.02886725664,6.524,0,0.0003146057445,False,2
f1,test,impressed,3,6,"ac355201, ac411100, ac419100",0.0003296597024,0.001301368882,10,6,0.03437168142,7.768,0,0.0004115289743,False,4
f1,test,impressed,3,7,"ac355427, ac411100, ac419100",-0.0006963901369,0.0005342179045,10,1,0.02081415929,4.704,0,0.0001689345345,False,9
f1,test,impressed,3,8,"376400, ac370000, ac411100",-0.0004686135449,0.001397577293,10,3,0.01655752212,3.742,0,0.0004419527453,False,8
f1,test,impressed,3,9,"376400, ac370419, ac378452",0.0003135718178,0.0004147928375,10,9,0.004115044248,0.93,16,0.0001311690124,True,5
f1,test,impressed,3,10,"ac410500, ac411100, ac415100",0.0007768657204,0.0004152904519,10,10,0.01315929204,2.974,1,0.0001313263718,True,3
f1,train,apriori,1,1,ac370000,0.06817670472,0.003335169156,10,10,0.6870685841,621.11,0,0.001054673091,False,1
f1,train,apriori,1,2,ac419100,0.04108531492,0.0009148861365,10,10,0.5356482301,484.226,0,0.0002893123991,False,2
f1,train,apriori,1,3,370407,0.02086927964,0.0007223531713,10,10,0.5689955752,514.372,0,0.0002284281296,False,3
f1,train,apriori,1,4,ac370419,0.0166162756,0.0007980817106,10,10,0.5536216814,500.474,0,0.0002523755964,False,4
f1,train,apriori,1,5,ac370443,0.01293028914,0.0004466853105,10,10,0.5396283186,487.824,0,0.0001412542979,False,7
f1,train,apriori,1,6,ac370442,0.01390334484,0.0006798171589,10,10,0.535460177,484.056,0,0.0002149770614,False,6
f1,train,apriori,1,7,370712b,0.0116384158,0.0004731260387,10,10,0.5181526549,468.41,0,0.0001496155903,False,8
f1,train,apriori,1,8,370715a,0.01022385472,0.0002670400244,10,10,0.5149026549,465.472,0,8.444547035e-05,False,10
f1,train,apriori,1,9,ac370403,0.01414388653,0.0006604722153,10,10,0.5140265487,464.68,0,0.0002088596532,False,5
f1,train,apriori,1,10,370488e,0.01075092857,0.000605478824,10,10,0.5118097345,462.676,0,0.0001914692159,False,9
f1,train,apriori,2,1,"370407, ac370000",0.03865034555,0.001065345838,10,10,0.5879225664,531.482,0,0.0003368919345,False,1
f1,train,apriori,2,2,"ac370000, ac370419",0.03487412889,0.000948927755,10,10,0.5738650442,518.774,0,0.0003000773041,False,2
f1,train,apriori,2,3,"ac370000, ac370443",0.03349411633,0.001149022486,10,10,0.5608362832,506.996,0,0.0003633528138,False,4
f1,train,apriori,2,4,"ac370419, ac370443",0.02257487198,0.0006698972117,10,10,0.5603340708,506.542,0,0.0002118400987,False,9
f1,train,apriori,2,5,"370407, ac370419",0.02614304345,0.0009041689546,10,10,0.5577920354,504.244,0,0.0002859233286,False,5
f1,train,apriori,2,6,"ac370000, ac370442",0.03424619184,0.001121710878,10,10,0.5565154867,503.09,0,0.000354716125,False,3
f1,train,apriori,2,7,"ac370419, ac370442",0.02268777326,0.0007224387812,10,10,0.5551969027,501.898,0,0.0002284552018,False,8
f1,train,apriori,2,8,"ac370442, ac370443",0.02183324824,0.0006386316593,10,10,0.5548561947,501.59,0,0.0002019530629,False,10
f1,train,apriori,2,9,"370407, ac370443",0.02484222289,0.0005954545321,10,10,0.5474469027,494.892,0,0.0001882992564,False,7
f1,train,apriori,2,10,"370407, ac370442",0.02560566919,0.0008549591832,10,10,0.5429911504,490.864,0,0.0002703618325,False,6
f1,train,apriori,3,1,"ac370000, ac370419, ac370443",0.0389461934,0.0008516795126,10,10,0.5616637168,507.744,0,0.0002693247096,False,6
f1,train,apriori,3,2,"370407, ac370000, ac370419",0.04162881431,0.001384566229,10,10,0.5590199115,505.354,0,0.0004378382854,False,1
f1,train,apriori,3,3,"ac370000, ac370419, ac370442",0.03918962828,0.001480618732,10,10,0.5564800885,503.058,0,0.0004682127538,False,5
f1,train,apriori,3,4,"ac370000, ac370442, ac370443",0.04069366184,0.001137976187,10,10,0.5564004425,502.986,0,0.0003598596673,False,4
f1,train,apriori,3,5,"ac370419, ac370442, ac370443",0.03010933294,0.0008014532245,10,10,0.5547212389,501.468,0,0.0002534417627,False,10
f1,train,apriori,3,6,"370407, ac370000, ac370443",0.04070311756,0.001418576559,10,10,0.5484004425,495.754,0,0.0004485932961,False,3
f1,train,apriori,3,7,"370407, ac370419, ac370443",0.03189019845,0.0003317445692,10,10,0.5485022124,495.846,0,0.000104906844,False,9
f1,train,apriori,3,8,"370407, ac370000, ac370442",0.04155069387,0.000844260056,10,10,0.5440929204,491.86,0,0.0002669784714,False,2
f1,train,apriori,3,9,"370407, ac370419, ac370442",0.03247545198,0.001286953545,10,10,0.5432676991,491.114,0,0.0004069704446,False,8
f1,train,apriori,3,10,"370407, ac370442, ac370443",0.03247706312,0.0008964349264,10,10,0.5414823009,489.5,0,0.0002834776142,False,7
f1,train,impressed,1,1,376400,0.006388950097,0.0004841049085,10,10,0.276199115,249.684,0,0.0001530874137,False,7
f1,train,impressed,1,2,ac419100,0.04108531492,0.0009148861365,10,10,0.5356482301,484.226,0,0.0002893123991,False,2
f1,train,impressed,1,3,ac370000,0.06817670472,0.003335169156,10,10,0.6870685841,621.11,0,0.001054673091,False,1
f1,train,impressed,1,4,ac415100,0.01842329106,0.0005240857638,10,10,0.2121482301,191.782,0,0.0001657304703,False,5
f1,train,impressed,1,5,ac10307,0.008191336848,0.0003821585311,10,10,0.1038716814,93.9,0,0.0001208491385,False,6
f1,train,impressed,1,6,ac355427,0.001135832304,0.0002578324132,10,10,0.02825,25.538,0,8.153376802e-05,False,8
f1,train,impressed,1,7,337419c,0,0,10,0,0.001767699115,1.598,1,0,True,10
f1,train,impressed,1,8,ac411100,0.03161918051,0.001237677073,10,10,0.4087035398,369.468,0,0.0003913878559,False,3
f1,train,impressed,1,9,370407,0.02086927964,0.0007223531713,10,10,0.5689955752,514.372,0,0.0002284281296,False,4
f1,train,impressed,1,10,ac378449,0.0005595121574,0.00015631958,10,10,0.01675221239,15.144,0,4.943259156e-05,False,9
f1,train,impressed,2,1,"370715a, 376400",0.001472325918,0.0002140956322,10,10,0.2615951327,236.482,0,6.770298347e-05,False,10
f1,train,impressed,2,2,"370712b, 376400",0.001505568334,0.0001326319929,10,10,0.2616349558,236.518,0,4.194191882e-05,False,9
f1,train,impressed,2,3,"ac411100, ac419100",0.03124114948,0.0009419916044,10,10,0.3560840708,321.9,0,0.0002978839007,False,2
f1,train,impressed,2,4,"370401c, ac370000",0.02822264406,0.001002366387,10,10,0.5202212389,470.28,0,0.0003169760832,False,3
f1,train,impressed,2,5,"ac370000, ac370403",0.03146928997,0.001390147412,10,10,0.5352345133,483.852,0,0.0004396032105,False,1
f1,train,impressed,2,6,"ac411100, ac415100",0.02443678992,0.0008499603509,10,10,0.1847455752,167.01,0,0.000268781063,False,4
f1,train,impressed,2,7,"ac415100, ac419100",0.02325474171,0.0009629539372,10,10,0.1999004425,180.71,0,0.0003045127723,False,5
f1,train,impressed,2,8,"ac10307, ac419100",0.007639356364,0.0004100620334,10,10,0.1011570796,91.446,0,0.0001296730008,False,7
f1,train,impressed,2,9,"ac10307, ac411100",0.009352372635,0.0003697245007,10,10,0.1119137168,101.17,0,0.0001169171529,False,6
f1,train,impressed,2,10,"ac355201, ac415100",0.00154799139,0.0001784872605,10,10,0.02875884956,25.998,0,5.644262764e-05,False,8
f1,train,impressed,3,1,"376400, 377498a, ac372417",0.001086421528,0.0002230361332,10,10,0.2529867257,228.7,0,7.053021813e-05,False,9
f1,train,impressed,3,2,"ac411100, ac415100, ac419100",0.02404341126,0.0008165562086,10,10,0.1676637168,151.568,0,0.0002582177457,False,1
f1,train,impressed,3,3,"ac10307, ac411100, ac419100",0.007418886072,0.0005429246081,10,10,0.09646017699,87.2,0,0.0001716878359,False,2
f1,train,impressed,3,4,"ac356134, ac411100, ac419100",0.003743234116,0.0002144784534,10,10,0.0556659292,50.322,0,6.782404216e-05,False,5
f1,train,impressed,3,5,"ac355201, ac415100, ac419100",0.002302216059,0.0002190674042,10,10,0.02891371681,26.138,0,6.927519583e-05,False,6
f1,train,impressed,3,6,"ac355201, ac411100, ac419100",0.004533315207,0.0002274262527,10,10,0.03436725664,31.068,0,7.191849583e-05,False,4
f1,train,impressed,3,7,"ac355427, ac411100, ac419100",0.001775550494,0.0002126078208,10,10,0.02084734513,18.846,0,6.723249622e-05,False,8
f1,train,impressed,3,8,"376400, ac370000, ac411100",0.005485870946,0.0004133998498,10,10,0.01658185841,14.99,0,0.000130728511,False,3
f1,train,impressed,3,9,"376400, ac370419, ac378452",0.0002638145021,7.04947929e-05,10,10,0.004192477876,3.79,0,2.229241088e-05,False,10
f1,train,impressed,3,10,"ac410500, ac411100, ac415100",0.002272658185,0.0001993900787,10,10,0.01314823009,11.886,0,6.305267914e-05,False,7
f2,test,apriori,1,1,ac419100,0.004246209214,0.005773408439,10,8,0.8252389381,186.504,0,0.001825712053,False,8
f2,test,apriori,1,2,ac370000,0.03761131087,0.0054205825,10,10,0.6986017699,157.884,0,0.001714138695,False,1
f2,test,apriori,1,3,ac379999,0.009293952732,0.003599061165,10,10,0.6769115044,152.982,0,0.001138123072,False,6
f2,test,apriori,1,4,370407,0.008992252765,0.005425132697,10,9,0.5891946903,133.158,0,0.001715577593,False,7
f2,test,apriori,1,5,ac370419,0.01061735087,0.004271327284,10,10,0.5707256637,128.984,0,0.001350712285,False,3
f2,test,apriori,1,6,ac410100,0.001431507372,0.00475478394,10,5,0.5537876106,125.156,0,0.001503594703,False,10
f2,test,apriori,1,7,ac370443,0.009979902474,0.004388535672,10,9,0.5611415929,126.818,0,0.001387776832,False,5
f2,test,apriori,1,8,ac370442,0.01038700944,0.004076225139,10,10,0.5581061947,126.132,0,0.001289015569,False,4
f2,test,apriori,1,9,370712b,0.01362077843,0.004420088505,10,10,0.535920354,121.118,0,0.001397754714,False,2
f2,test,apriori,1,10,ac411100,0.001562658555,0.00283675281,10,7,0.4994955752,112.886,0,0.0008970600039,False,9
f2,test,apriori,2,1,"ac370000, ac379999",0.01948056822,0.005098342099,10,10,0.6886460177,155.634,0,0.001612237332,False,6
f2,test,apriori,2,2,"ac370000, ac419100",0.01564438089,0.006306428678,10,10,0.6455929204,145.904,0,0.001994267852,False,7
f2,test,apriori,2,3,"ac379999, ac419100",0.01152685963,0.003951427877,10,10,0.6382920354,144.254,0,0.00124955121,False,8
f2,test,apriori,2,4,"370407, ac370000",0.03967780298,0.005500283536,10,10,0.6005752212,135.73,0,0.001739342375,False,1
f2,test,apriori,2,5,"370407, ac379999",0.009750786586,0.004828137566,10,10,0.592079646,133.81,0,0.001526791156,False,10
f2,test,apriori,2,6,"ac370000, ac370419",0.03735690351,0.004612498912,10,10,0.5845221239,132.102,0,0.001458600227,False,2
f2,test,apriori,2,7,"ac370000, ac370443",0.03258869796,0.005392867214,10,10,0.5757522124,130.12,0,0.001705374352,False,5
f2,test,apriori,2,8,"ac370419, ac379999",0.01149960488,0.005894962256,10,10,0.5751769912,129.99,0,0.001864150745,False,9
f2,test,apriori,2,9,"ac370000, ac370442",0.03637944361,0.004360484937,10,10,0.5721681416,129.31,0,0.00137890641,False,3
f2,test,apriori,2,10,"ac370419, ac370443",0.03461537712,0.00510690898,10,10,0.572840708,129.462,0,0.001614946418,False,4
f2,test,apriori,3,1,"ac370000, ac379999, ac419100",0.01803744594,0.004682687776,10,10,0.6403716814,144.724,0,0.001480795894,False,10
f2,test,apriori,3,2,"370407, ac370000, ac379999",0.03511514668,0.006652156871,10,10,0.5927699115,133.966,0,0.002103596707,False,8
f2,test,apriori,3,3,"ac370000, ac370419, ac379999",0.03980749761,0.006739693128,10,10,0.5760530973,130.188,0,0.002131278102,False,7
f2,test,apriori,3,4,"ac370000, ac370419, ac370443",0.05862968381,0.006216734111,10,10,0.5734159292,129.592,0,0.00196590394,False,3
f2,test,apriori,3,5,"ac370000, ac370442, ac370443",0.05795337106,0.006656632009,10,10,0.5707345133,128.986,0,0.002105011869,False,5
f2,test,apriori,3,6,"370407, ac370000, ac370419",0.06084602599,0.005835004101,10,10,0.5698584071,128.788,0,0.001845190311,False,1
f2,test,apriori,3,7,"ac370000, ac370419, ac370442",0.05854439503,0.005097058793,10,10,0.5689469027,128.582,0,0.001611831515,False,4
f2,test,apriori,3,8,"ac370000, ac370443, ac379999",0.03475159209,0.004828461217,10,10,0.5671769912,128.182,0,0.001526893504,False,9
f2,test,apriori,3,9,"ac370419, ac370442, ac370443",0.05562711214,0.006305689545,10,10,0.5672035398,128.188,0,0.001994034118,False,6
f2,test,apriori,3,10,"370407, ac370000, ac370443",0.05919753154,0.005720914232,10,10,0.5645663717,127.592,0,0.001809111927,False,2
f2,test,impressed,1,1,376400,0.1196373513,0.007802982866,10,10,0.2903893805,65.628,0,0.00246751984,False,1
f2,test,impressed,1,2,378619a,0.02490124319,0.004936409925,10,10,0.3548318584,80.192,0,0.001561029883,False,3
f2,test,impressed,1,3,ac370000,0.03761131087,0.0054205825,10,10,0.6986017699,157.884,0,0.001714138695,False,2
f2,test,impressed,1,4,ac419100,0.004246209214,0.005773408439,10,8,0.8252389381,186.504,0,0.001825712053,False,5
f2,test,impressed,1,5,ac10307,0.001876572766,0.0007733846366,10,10,0.1108938053,25.062,0,0.0002445656959,False,6
f2,test,impressed,1,6,ac415100,0.0009140078365,0.002420743089,10,5,0.2866460177,64.782,0,0.0007655061792,False,8
f2,test,impressed,1,7,ac337441,0,0,10,0,0.001867256637,0.422,26,0,True,9
f2,test,impressed,1,8,ac379999,0.009293952732,0.003599061165,10,10,0.6769115044,152.982,0,0.001138123072,False,4
f2,test,impressed,1,9,ac378431,0.001576634396,0.0006575646717,10,10,0.01147787611,2.594,2,0.0002079402071,True,7
f2,test,impressed,1,10,378490e,0,0,10,0,0.003238938053,0.732,21,0,True,9
f2,test,impressed,2,1,"376400, 377498a",0.1173003538,0.005622580406,10,10,0.2595044248,58.648,0,0.001778016041,False,4
f2,test,impressed,2,2,"376400, 378619a",0.1339874706,0.004930516077,10,10,0.2921238938,66.02,0,0.001559166084,False,1
f2,test,impressed,2,3,"370712b, 376400",0.1206467246,0.006497472509,10,10,0.2727522124,61.642,0,0.002054681216,False,3
f2,test,impressed,2,4,"370715a, 376400",0.1209691924,0.00609598502,10,10,0.2710884956,61.266,0,0.001927719725,False,2
f2,test,impressed,2,5,"378619a, ac379999",0.02491964656,0.004373634426,10,10,0.3630619469,82.052,0,0.001383064644,False,9
f2,test,impressed,2,6,"378619a, ac419100",0.0269768229,0.00595608215,10,10,0.3397079646,76.774,0,0.001883478553,False,8
f2,test,impressed,2,7,"370401c, ac370000",0.04004647262,0.006211647906,10,10,0.5332743363,120.52,0,0.001964295541,False,6
f2,test,impressed,2,8,"ac370000, ac370403",0.03511520209,0.004158943996,10,10,0.5463628319,123.478,0,0.001315173569,False,7
f2,test,impressed,2,9,"376400, ac379999",0.1102597946,0.01000713637,10,10,0.2947433628,66.612,0,0.003164534377,False,5
f2,test,impressed,2,10,"ac379999, ac419100",0.01152685963,0.003951427877,10,10,0.6382920354,144.254,0,0.00124955121,False,10
f2,test,impressed,3,1,"376400, 377498a, 378619a",0.1261798651,0.00550089,10,10,0.2548318584,57.592,0,0.001739534156,False,2
f2,test,impressed,3,2,"376400, 377498a, ac372417",0.1110751973,0.003955685991,10,10,0.2583451327,58.386,0,0.001250897744,False,4
f2,test,impressed,3,3,"376400, 377498a, ac379999",0.1132605781,0.00469464435,10,10,0.2566017699,57.992,0,0.001484576895,False,3
f2,test,impressed,3,4,"376400, 378619a, ac379999",0.1308889237,0.003750593224,10,10,0.2918584071,65.96,0,0.001186041716,False,1
f2,test,impressed,3,5,"376400, 377498a, ac370606",0.1079069173,0.003441078182,10,10,0.2291769912,51.794,0,0.001088164466,False,5
f2,test,impressed,3,6,"378619a, ac379999, ac419100",0.02731214778,0.003972833334,10,10,0.3404424779,76.94,0,0.00125632021,False,6
f2,test,impressed,3,7,"378619a, 387042a, ac379999",0.01318374146,0.0030305133,10,10,0.1308938053,29.582,0,0.0009583324509,False,9
f2,test,impressed,3,8,"376400, 378619a, ac411100",0.01685105674,0.002300284728,10,10,0.07787610619,17.6,0,0.0007274139009,False,8
f2,test,impressed,3,9,"387042a, ac410100, ac419100",0.003204190234,0.001173539173,10,10,0.1353362832,30.586,0,0.0003711056709,False,10
f2,test,impressed,3,10,"378619a, ac370000, ac379999",0.02461671997,0.00445010031,10,10,0.3644690265,82.37,0,0.00140724528,False,7
f2,train,apriori,1,1,ac419100,0.04900246228,0.001377656955,10,10,0.8235707965,744.508,0,0.0004356533813,False,3
f2,train,apriori,1,2,ac370000,0.1154760713,0.002797528529,10,10,0.6986769912,631.604,0,0.0008846561972,False,1
f2,train,apriori,1,3,ac379999,0.05986765165,0.002096314512,10,10,0.6767809735,611.81,0,0.0006629128549,False,2
f2,train,apriori,1,4,370407,0.03863534678,0.0009617305684,10,10,0.5892853982,532.714,0,0.0003041259092,False,4
f2,train,apriori,1,5,ac370419,0.03834895423,0.001480490178,10,10,0.5709778761,516.164,0,0.0004681721017,False,5
f2,train,apriori,1,6,ac410100,0.03703779514,0.001123912953,10,10,0.5534557522,500.324,0,0.0003554124824,False,6
f2,train,apriori,1,7,ac370443,0.03579951459,0.001489599265,10,10,0.5610376106,507.178,0,0.0004710526478,False,7
f2,train,apriori,1,8,ac370442,0.03523693382,0.001152529028,10,10,0.5579933628,504.426,0,0.0003644616798,False,8
f2,train,apriori,1,9,370712b,0.0341569647,0.001908948262,10,10,0.5356880531,484.262,0,0.0006036624445,False,9
f2,train,apriori,1,10,ac411100,0.02974048644,0.0006062123233,10,10,0.499710177,451.738,0,0.0001917011687,False,10
f2,train,apriori,2,1,"ac370000, ac379999",0.09130207104,0.001993195437,10,10,0.6888473451,622.718,0,0.0006303037404,False,3
f2,train,apriori,2,2,"ac370000, ac419100",0.0802391562,0.001710578894,10,10,0.6453561947,583.402,0,0.0005409325423,False,6
f2,train,apriori,2,3,"ac379999, ac419100",0.0658073672,0.001742331626,10,10,0.6382234513,576.954,0,0.0005509736378,False,8
f2,train,apriori,2,4,"370407, ac370000",0.09443870911,0.002163988146,10,10,0.6005818584,542.926,0,0.0006843131372,False,1
f2,train,apriori,2,5,"370407, ac379999",0.05544466183,0.001568295923,10,10,0.5921283186,535.284,0,0.0004959387162,False,10
f2,train,apriori,2,6,"ac370000, ac370419",0.0928525057,0.001131817995,10,10,0.5845752212,528.456,0,0.0003579122762,False,2
f2,train,apriori,2,7,"ac370000, ac370443",0.08812875925,0.001809317544,10,10,0.5756946903,520.428,0,0.000572156445,False,4
f2,train,apriori,2,8,"ac370419, ac379999",0.05746392363,0.00168866084,10,10,0.5752610619,520.036,0,0.0005340014451,False,9
f2,train,apriori,2,9,"ac370000, ac370442",0.08732211211,0.001741349101,10,10,0.5721814159,517.252,0,0.0005506629361,False,5
f2,train,apriori,2,10,"ac370419, ac370443",0.07801107199,0.002077952936,10,10,0.5728871681,517.89,0,0.0006571064148,False,7
f2,train,apriori,3,1,"ac370000, ac379999, ac419100",0.08730376018,0.001718281567,10,10,0.6403849558,578.908,0,0.0005433683413,False,10
f2,train,apriori,3,2,"370407, ac370000, ac379999",0.09649590956,0.001429503576,10,10,0.5928230088,535.912,0,0.0004520487223,False,8
f2,train,apriori,3,3,"ac370000, ac370419, ac379999",0.1004868551,0.001497041069,10,10,0.5760066372,520.71,0,0.0004734059528,False,7
f2,train,apriori,3,4,"ac370000, ac370419, ac370443",0.1207877954,0.002068410747,10,10,0.5734070796,518.36,0,0.0006540889099,False,2
f2,train,apriori,3,5,"ac370000, ac370442, ac370443",0.1187863208,0.002007478666,10,10,0.5707522124,515.96,0,0.0006348204938,False,5
f2,train,apriori,3,6,"370407, ac370000, ac370419",0.1217707054,0.00235899794,10,10,0.5698362832,515.132,0,0.0007459806485,False,1
f2,train,apriori,3,7,"ac370000, ac370419, ac370442",0.1206992827,0.002281960545,10,10,0.5689800885,514.358,0,0.0007216192854,False,3
f2,train,apriori,3,8,"ac370000, ac370443, ac379999",0.09490880657,0.002094040573,10,10,0.5671548673,512.708,0,0.0006621937723,False,9
f2,train,apriori,3,9,"ac370419, ac370442, ac370443",0.10822385,0.001865722517,10,10,0.5672146018,512.762,0,0.0005899932634,False,6
f2,train,apriori,3,10,"370407, ac370000, ac370443",0.1196000539,0.002302507901,10,10,0.5645442478,510.348,0,0.0007281169298,False,4
f2,train,impressed,1,1,376400,0.1368774291,0.003672309883,10,10,0.2906902655,262.784,0,0.00116128635,False,1
f2,train,impressed,1,2,378619a,0.05411692367,0.002369944378,10,10,0.355199115,321.1,0,0.0007494422162,False,4
f2,train,impressed,1,3,ac370000,0.1154760713,0.002797528529,10,10,0.6986769912,631.604,0,0.0008846561972,False,2
f2,train,impressed,1,4,ac419100,0.04900246228,0.001377656955,10,10,0.8235707965,744.508,0,0.0004356533813,False,5
f2,train,impressed,1,5,ac10307,0.005425041546,0.0006066626872,10,10,0.1111283186,100.46,0,0.0001918435863,False,7
f2,train,impressed,1,6,ac415100,0.01492227025,0.0005897912444,10,10,0.2870597345,259.502,0,0.0001865083676,False,6
f2,train,impressed,1,7,ac337441,0,0,10,0,0.001683628319,1.522,1,0,True,10
f2,train,impressed,1,8,ac379999,0.05986765165,0.002096314512,10,10,0.6767809735,611.81,0,0.0006629128549,False,3
f2,train,impressed,1,9,ac378431,0.001495749448,0.00019175997,10,10,0.0113960177,10.302,0,6.063982692e-05,False,8
f2,train,impressed,1,10,378490e,0.0001209128082,0.0001470558707,10,6,0.003232300885,2.922,0,4.650314947e-05,True,9
f2,train,impressed,2,1,"376400, 377498a",0.1334909492,0.002245251772,10,10,0.2596017699,234.68,0,0.0007100109519,False,5
f2,train,impressed,2,2,"376400, 378619a",0.1633689779,0.001042371352,10,10,0.2921349558,264.09,0,0.0003296267641,False,1
f2,train,impressed,2,3,"370712b, 376400",0.1394343781,0.00196076755,10,10,0.2729115044,246.712,0,0.0006200491419,False,3
f2,train,impressed,2,4,"370715a, 376400",0.138062211,0.001974472135,10,10,0.2710884956,245.064,0,0.0006243829122,False,4
f2,train,impressed,2,5,"378619a, ac379999",0.06935998723,0.002136727934,10,10,0.3630442478,328.192,0,0.0006756927012,False,8
f2,train,impressed,2,6,"378619a, ac419100",0.06651608265,0.002531430886,10,10,0.3397212389,307.108,0,0.0008005087338,False,9
f2,train,impressed,2,7,"370401c, ac370000",0.08984319255,0.001671077691,10,10,0.5333584071,482.156,0,0.0005284411651,False,6
f2,train,impressed,2,8,"ac370000, ac370403",0.08568319227,0.001935958947,10,10,0.5464070796,493.952,0,0.0006122039729,False,7
f2,train,impressed,2,9,"376400, ac379999",0.1445715428,0.003305536227,10,10,0.2945995575,266.318,0,0.001045302336,False,2
f2,train,impressed,2,10,"ac379999, ac419100",0.0658073672,0.001742331626,10,10,0.6382234513,576.954,0,0.0005509736378,False,10
f2,train,impressed,3,1,"376400, 377498a, 378619a",0.1442676279,0.001400241388,10,10,0.2548230088,230.36,0,0.000442795206,False,2
f2,train,impressed,3,2,"376400, 377498a, ac372417",0.1312112286,0.002045212373,10,10,0.2583362832,233.536,0,0.0006467529397,False,4
f2,train,impressed,3,3,"376400, 377498a, ac379999",0.1353310273,0.002635815029,10,10,0.2565951327,231.962,0,0.0008335178983,False,3
f2,train,impressed,3,4,"376400, 378619a, ac379999",0.1681578041,0.001733877642,10,10,0.2918230088,263.808,0,0.0005483002532,False,1
f2,train,impressed,3,5,"376400, 377498a, ac370606",0.1185764013,0.001482000447,10,10,0.2291637168,207.164,0,0.0004686496907,False,5
f2,train,impressed,3,6,"378619a, ac379999, ac419100",0.07594087596,0.002051999928,10,10,0.3404402655,307.758,0,0.000648899353,False,7
f2,train,impressed,3,7,"378619a, 387042a, ac379999",0.03085879431,0.001200003155,10,10,0.1308650442,118.302,0,0.000379474317,False,9
f2,train,impressed,3,8,"376400, 378619a, ac411100",0.03735859695,0.0007169338699,10,10,0.07782743363,70.356,0,0.0002267143961,False,8
f2,train,impressed,3,9,"387042a, ac410100, ac419100",0.01558380662,0.0007785130537,10,10,0.1354314159,122.43,0,0.0002461874438,False,10
f2,train,impressed,3,10,"378619a, ac370000, ac379999",0.08582968539,0.002169622469,10,10,0.3643915929,329.41,0,0.0006860948663,False,6
f3,test,apriori,1,1,ac419100,-0.0008744668929,0.00342337545,10,4,0.5598595726,124.402,0,0.001082566371,False,10
f3,test,apriori,1,2,ac370000,0.1507338196,0.004781789376,10,10,0.6275422777,139.44,0,0.001512134572,False,1
f3,test,apriori,1,3,370407,0.002417887796,0.002614615027,10,8,0.504114976,112.016,0,0.0008268138691,False,2
f3,test,apriori,1,4,ac370419,0.0007685418619,0.001599637762,10,8,0.489162647,108.692,0,0.0005058498761,False,4
f3,test,apriori,1,5,ac370443,-0.0006610989974,0.001298296997,10,3,0.4761380439,105.798,0,0.0004105575591,False,8
f3,test,apriori,1,6,ac370442,-0.0008100473002,0.001386900169,10,3,0.4712522119,104.712,0,0.0004385763421,False,9
f3,test,apriori,1,7,370712b,0.001071560025,0.001366098505,10,8,0.4661823213,103.586,0,0.0004319982785,False,3
f3,test,apriori,1,8,370715a,0.000194233992,0.001711208518,10,5,0.460564578,102.338,0,0.0005411316468,False,7
f3,test,apriori,1,9,370488e,0.0003548916025,0.001347792772,10,5,0.4567088838,101.48,0,0.0004262094973,False,5
f3,test,apriori,1,10,370488g,0.0003031763872,0.001291963917,10,6,0.4549981012,101.1,0,0.0004085548633,False,6
f3,test,apriori,2,1,"370407, ac370000",0.01232727737,0.003992993842,10,10,0.523943522,116.422,0,0.001262695522,False,2
f3,test,apriori,2,2,"ac370000, ac370419",0.01342744449,0.004912971303,10,10,0.5098829233,113.296,0,0.00155361794,False,1
f3,test,apriori,2,3,"370407, ac370419",0.001990787044,0.002260446734,10,8,0.5004043146,111.19,0,0.000714816021,False,6
f3,test,apriori,2,4,"ac370000, ac370443",0.01012676281,0.003412150375,10,10,0.4977845514,110.608,0,0.00107901669,False,4
f3,test,apriori,2,5,"ac370419, ac370443",9.932243563e-05,0.002024395298,10,6,0.4975691027,110.56,0,0.0006401700026,False,8
f3,test,apriori,2,6,"ac370000, ac370442",0.01093453277,0.002693148973,10,10,0.4929067992,109.524,0,0.0008516484831,False,3
f3,test,apriori,2,7,"ac370442, ac370443",-0.000804876432,0.001649616808,10,3,0.4918363027,109.286,0,0.0005216546379,False,10
f3,test,apriori,2,8,"ac370419, ac370442",-0.0001169150578,0.002457434863,10,6,0.4914670545,109.204,0,0.0007771091369,False,9
f3,test,apriori,2,9,"370407, ac370443",0.001570513452,0.001996246336,10,7,0.4889987072,108.656,0,0.0006312685192,False,7
f3,test,apriori,2,10,"370712b, ac370000",0.009854116641,0.002470728339,10,10,0.4859757201,107.984,0,0.0007813129031,False,5
f3,test,apriori,3,1,"370407, ac370000, ac370419",0.01390545541,0.003563067688,10,10,0.5017094494,111.48,0,0.001126740935,False,1
f3,test,apriori,3,2,"ac370000, ac370419, ac370443",0.01248218905,0.003656192879,10,10,0.4993146689,110.948,0,0.001156189706,False,5
f3,test,apriori,3,3,"ac370000, ac370442, ac370443",0.01187921938,0.003361506656,10,10,0.4937983275,109.722,0,0.00106300174,False,6
f3,test,apriori,3,4,"ac370000, ac370419, ac370442",0.01280203186,0.003646185313,10,10,0.4929431988,109.532,0,0.001153025036,False,4
f3,test,apriori,3,5,"ac370419, ac370442, ac370443",0.0002284076549,0.00252981354,10,4,0.4920605987,109.336,0,0.0007999972842,False,10
f3,test,apriori,3,6,"370407, ac370000, ac370443",0.01311087293,0.003519689613,10,10,0.4902409809,108.932,0,0.001113023583,False,3
f3,test,apriori,3,7,"370407, ac370419, ac370443",0.002002524881,0.00189971929,10,8,0.4903398376,108.954,0,0.0006007439872,False,8
f3,test,apriori,3,8,"370407, ac370000, ac370442",0.01347223557,0.003735153078,10,10,0.4848861552,107.742,0,0.001181159114,False,2
f3,test,apriori,3,9,"370407, ac370419, ac370442",0.002195020517,0.001997329321,10,10,0.4840946148,107.566,0,0.0006316109892,False,7
f3,test,apriori,3,10,"370407, ac370442, ac370443",0.001520328284,0.002059981424,10,8,0.4831849877,107.364,0,0.0006514233237,False,9
f3,test,impressed,1,1,ac419100,-0.0008744668929,0.00342337545,10,4,0.5598595726,124.402,0,0.001082566371,False,8
f3,test,impressed,1,2,ac370000,0.1507338196,0.004781789376,10,10,0.6275422777,139.44,0,0.001512134572,False,1
f3,test,impressed,1,3,ac415100,-0.00106419757,0.001432419244,10,2,0.1919380277,42.65,0,0.0004529707374,False,9
f3,test,impressed,1,4,ac10307,-0.00139392073,0.00100293425,10,1,0.1088971034,24.198,0,0.0003171556573,False,10
f3,test,impressed,1,5,ac355427,0.000587934221,0.0004616842418,10,9,0.02555536703,5.678,0,0.0001459973764,False,3
f3,test,impressed,1,6,ac388170,0.000155602426,0.0001608034739,10,6,0.001845432877,0.41,18,5.085052333e-05,True,6
f3,test,impressed,1,7,387070a,0,0,10,0,0.0004500060599,0.1,31,0,True,7
f3,test,impressed,1,8,ac370402,0.001152419789,0.001905191897,10,8,0.4395873227,97.676,0,0.0006024745775,False,2
f3,test,impressed,1,9,370488g,0.0003031763872,0.001291963917,10,6,0.4549981012,101.1,0,0.0004085548633,False,5
f3,test,impressed,1,10,370488e,0.0003548916025,0.001347792772,10,5,0.4567088838,101.48,0,0.0004262094973,False,4
f3,test,impressed,2,1,"ac370000, ac370402",0.01844210327,0.005978999855,10,10,0.4566802004,101.474,0,0.001890725767,False,3
f3,test,impressed,2,2,"370401c, ac370000",0.01920009807,0.005978153996,10,10,0.4679286147,103.974,0,0.001890458283,False,2
f3,test,impressed,2,3,"ac370000, ac370403",0.01940920101,0.006718882561,10,10,0.4747769967,105.496,0,0.002124697222,False,1
f3,test,impressed,2,4,"ac411100, ac419100",0.001151988967,0.002625643894,10,7,0.3544713772,78.766,0,0.0008303015029,False,4
f3,test,impressed,2,5,"ac411100, ac415100",0.0005997954725,0.002161444874,10,7,0.1738251929,38.626,0,0.0006835088838,False,7
f3,test,impressed,2,6,"ac415100, ac419100",0.0006971353013,0.001628127049,10,6,0.1843420595,40.962,0,0.0005148589794,False,6
f3,test,impressed,2,7,"ac10307, ac411100",-0.001527500371,0.001208433772,10,1,0.1174099301,26.09,0,0.0003821403121,False,10
f3,test,impressed,2,8,"ac10307, ac419100",-0.001494289161,0.0007879384826,10,0,0.1116161677,24.802,0,0.0002491680261,False,9
f3,test,impressed,2,9,"ac10307, ac415100",-0.001192226482,0.0006852686913,10,0,0.05204294429,11.564,0,0.0002167009874,False,8
f3,test,impressed,2,10,"ac355201, ac415100",0.001000253249,0.0004427122846,10,10,0.02540540541,5.646,0,0.0001399979167,False,5
f3,test,impressed,3,1,"ac411100, ac415100, ac419100",0.001405848081,0.002389265507,10,7,0.1614864461,35.884,0,0.0007555520936,False,1
f3,test,impressed,3,2,"ac10307, ac411100, ac419100",-0.001907805048,0.001027988456,10,1,0.1067113481,23.712,0,0.0003250784928,False,9
f3,test,impressed,3,3,"ac370000, ac411100, ac415100",-0.003378765119,0.001919478048,10,0,0.1077840262,23.95,0,0.0006069922552,False,10
f3,test,impressed,3,4,"ac355201, ac415100, ac419100",0.001279054912,0.0005323780428,10,10,0.02568456349,5.708,0,0.0001683527191,False,2
f3,test,impressed,3,5,"ac355201, ac411100, ac419100",-0.0002474794786,0.0009777993474,10,5,0.02670872218,5.936,0,0.0003092073032,False,7
f3,test,impressed,3,6,"ac355427, ac415100, ac419100",0.0002921169462,0.0003207729042,10,8,0.0168680564,3.748,0,0.0001014372989,False,5
f3,test,impressed,3,7,"370407, ac10307, ac370000",-0.0006821102422,0.0009295555399,10,3,0.03779049004,8.398,0,0.0002939512718,False,8
f3,test,impressed,3,8,"376400, ac370000, ac411100",0.0001917631695,0.0007969000493,10,7,0.03778390498,8.396,0,0.0002520019223,False,6
f3,test,impressed,3,9,"ac410500, ac411100, ac415100",0.0007127601016,0.0008212969778,10,8,0.007053730861,1.568,9,0.0002597169085,True,4
f3,test,impressed,3,10,"ac379999, ac415100, ac419100",0.0008092375721,0.001875108974,10,6,0.1156798368,25.704,0,0.000592961522,False,3
f3,train,apriori,1,1,ac419100,0.02511508339,0.000835772861,10,10,0.5597228438,497.482,0,0.0002642945847,False,2
f3,train,apriori,1,2,ac370000,0.1981919344,0.005722723453,10,10,0.627495493,557.718,0,0.001809684053,False,1
f3,train,apriori,1,3,370407,0.01670346179,0.00123784451,10,10,0.5045112511,448.41,0,0.0003914408041,False,3
f3,train,apriori,1,4,ac370419,0.01269810135,0.0004895116581,10,10,0.489325021,434.912,0,0.0001547971781,False,4
f3,train,apriori,1,5,ac370443,0.007868245655,0.0005001776072,10,10,0.4767866745,423.768,0,0.0001581700474,False,7
f3,train,apriori,1,6,ac370442,0.00773632959,0.0006923908798,10,10,0.4714760815,419.048,0,0.0002189532211,False,8
f3,train,apriori,1,7,370712b,0.00820150339,0.0006688052338,10,10,0.4659991741,414.18,0,0.000211494785,False,6
f3,train,apriori,1,8,370715a,0.007234495465,0.0006703879262,10,10,0.4600896695,408.928,0,0.0002119952763,False,10
f3,train,apriori,1,9,370488e,0.008937560343,0.0005524924527,10,10,0.4566855385,405.902,0,0.0001747134541,False,5
f3,train,apriori,1,10,370488g,0.007377670267,0.0006043774662,10,10,0.4547460022,404.178,0,0.000191120936,False,9
f3,train,apriori,2,1,"370407, ac370000",0.03870446459,0.00182477814,10,10,0.5241985047,465.908,0,0.0005770455146,False,1
f3,train,apriori,2,2,"ac370000, ac370419",0.03670069192,0.001997093796,10,10,0.5098536897,453.158,0,0.0006315365097,False,2
f3,train,apriori,2,3,"370407, ac370419",0.0186854496,0.0008889256136,10,10,0.5004410032,444.792,0,0.0002811029609,False,6
f3,train,apriori,2,4,"ac370000, ac370443",0.02982522671,0.0009523111967,10,10,0.4982537977,442.848,0,0.0003011472423,False,4
f3,train,apriori,2,5,"ac370419, ac370443",0.01356667156,0.0005766825995,10,10,0.4976439035,442.306,0,0.0001823630502,False,8
f3,train,apriori,2,6,"ac370000, ac370442",0.03044966526,0.001547748876,10,10,0.4927519938,437.958,0,0.0004894411695,False,3
f3,train,apriori,2,7,"ac370442, ac370443",0.01028431066,0.0006485229278,10,10,0.4916989101,437.022,0,0.0002050809567,False,10
f3,train,apriori,2,8,"ac370419, ac370442",0.0134840028,0.0007486364487,10,10,0.4914153847,436.77,0,0.0002367396317,False,9
f3,train,apriori,2,9,"370407, ac370443",0.01546136337,0.0008583059167,10,10,0.4889242443,434.556,0,0.0002714201626,False,7
f3,train,apriori,2,10,"370712b, ac370000",0.02842808851,0.001114347033,10,10,0.4858550857,431.828,0,0.0003523874728,False,5
f3,train,apriori,3,1,"370407, ac370000, ac370419",0.03879345215,0.002206565726,10,10,0.50171915,445.928,0,0.00069777735,False,1
f3,train,apriori,3,2,"ac370000, ac370419, ac370443",0.03422809603,0.001655113146,10,10,0.4992640987,443.746,0,0.0005233927328,False,2
f3,train,apriori,3,3,"ac370000, ac370442, ac370443",0.03231205794,0.001447924057,10,10,0.4938321299,438.918,0,0.0004578737899,False,6
f3,train,apriori,3,4,"ac370000, ac370419, ac370442",0.03400578801,0.002142970889,10,10,0.4929657957,438.148,0,0.000677666897,False,4
f3,train,apriori,3,5,"ac370419, ac370442, ac370443",0.01495000825,0.0006245949537,10,10,0.4921196835,437.396,0,0.0001975142669,False,10
f3,train,apriori,3,6,"370407, ac370000, ac370443",0.03364146373,0.002416026654,10,10,0.4902923798,435.772,0,0.0007640147115,False,5
f3,train,apriori,3,7,"370407, ac370419, ac370443",0.01806703479,0.001078088306,10,10,0.4903666586,435.838,0,0.0003409214567,False,7
f3,train,apriori,3,8,"370407, ac370000, ac370442",0.03403866186,0.002110493509,10,10,0.4849189088,430.996,0,0.0006673966476,False,3
f3,train,apriori,3,9,"370407, ac370419, ac370442",0.01772968111,0.001256126431,10,10,0.4840705976,430.242,0,0.0003972220552,False,8
f3,train,apriori,3,10,"370407, ac370442, ac370443",0.01675039405,0.000797224033,10,10,0.4831884849,429.458,0,0.000252104375,False,9
f3,train,impressed,1,1,ac419100,0.02511508339,0.000835772861,10,10,0.5597228438,497.482,0,0.0002642945847,False,2
f3,train,impressed,1,2,ac370000,0.1981919344,0.005722723453,10,10,0.627495493,557.718,0,0.001809684053,False,1
f3,train,impressed,1,3,ac415100,0.008390174248,0.0005554115735,10,10,0.1919121824,170.572,0,0.0001756365611,False,5
f3,train,impressed,1,4,ac10307,0.005738669455,0.0002968010089,10,10,0.1084245559,96.368,0,9.385671998e-05,False,7
f3,train,impressed,1,5,ac355427,0.001869675109,0.000206082936,10,10,0.02545689812,22.626,0,6.516914646e-05,False,8
f3,train,impressed,1,6,ac388170,0.0001101557617,7.065801186e-05,10,10,0.001923914916,1.71,0,2.234402524e-05,True,9
f3,train,impressed,1,7,387070a,0,0,10,0,0.0004500501626,0.4,1,0,True,10
f3,train,impressed,1,8,ac370402,0.01027297339,0.0007305139959,10,10,0.4387782228,389.986,0,0.000231008809,False,3
f3,train,impressed,1,9,370488g,0.007377670267,0.0006043774662,10,10,0.4547460022,404.178,0,0.000191120936,False,6
f3,train,impressed,1,10,370488e,0.008937560343,0.0005524924527,10,10,0.4566855385,405.902,0,0.0001747134541,False,4
f3,train,impressed,2,1,"ac370000, ac370402",0.03624105021,0.004516733373,10,10,0.4563974681,405.646,0,0.001428316504,False,3
f3,train,impressed,2,2,"370401c, ac370000",0.03928581074,0.004927114277,10,10,0.4680017177,415.96,0,0.001558090341,False,1
f3,train,impressed,2,3,"ac370000, ac370403",0.03885973231,0.003878514792,10,10,0.4746128128,421.836,0,0.001226494068,False,2
f3,train,impressed,2,4,"ac411100, ac419100",0.02327428205,0.0004076479824,10,10,0.3539213232,314.566,0,0.0001289096108,False,4
f3,train,impressed,2,5,"ac411100, ac415100",0.01331514059,0.0003260249468,10,10,0.1737259093,154.408,0,0.0001030981406,False,5
f3,train,impressed,2,6,"ac415100, ac419100",0.01284765249,0.0003813654379,10,10,0.184214273,163.73,0,0.0001205983404,False,6
f3,train,impressed,2,7,"ac10307, ac411100",0.006030843385,0.0002873569318,10,10,0.1174703534,104.408,0,9.08702406e-05,False,7
f3,train,impressed,2,8,"ac10307, ac419100",0.005699037401,0.000388177369,10,10,0.1117481962,99.322,0,0.0001227524622,False,8
f3,train,impressed,2,9,"ac10307, ac415100",0.003991762695,0.0002132921745,10,10,0.05219394957,46.39,0,6.744890786e-05,False,9
f3,train,impressed,2,10,"ac355201, ac415100",0.00168683425,0.000232307748,10,10,0.0254362833,22.608,0,7.346216017e-05,False,10
f3,train,impressed,3,1,"ac411100, ac415100, ac419100",0.01372584752,0.0005605679396,10,10,0.1614014152,143.454,0,0.0001772671472,False,1
f3,train,impressed,3,2,"ac10307, ac411100, ac419100",0.006154099142,0.0002283703581,10,10,0.1068674186,94.984,0,7.221704816e-05,False,5
f3,train,impressed,3,3,"ac370000, ac411100, ac415100",0.01165955518,0.0003832531286,10,10,0.1078126881,95.824,0,0.0001211952807,False,2
f3,train,impressed,3,4,"ac355201, ac415100, ac419100",0.002375121574,0.0003107365818,10,10,0.02568158879,22.826,0,9.826353509e-05,False,7
f3,train,impressed,3,5,"ac355201, ac411100, ac419100",0.002020862279,0.0001548459665,10,10,0.02676829923,23.792,0,4.896659405e-05,False,8
f3,train,impressed,3,6,"ac355427, ac415100, ac419100",0.001591184538,0.0001441027975,10,10,0.01687219925,14.996,0,4.556930574e-05,False,9
f3,train,impressed,3,7,"370407, ac10307, ac370000",0.007081906346,0.0004019036654,10,10,0.0377810071,33.58,0,0.0001270930983,False,4
f3,train,impressed,3,8,"376400, ac370000, ac411100",0.00270253794,0.0002710930961,10,10,0.0377519001,33.554,0,8.572716417e-05,False,6
f3,train,impressed,3,9,"ac410500, ac411100, ac415100",0.0003056920545,0.0001106996163,10,10,0.007094754203,6.306,0,3.500629236e-05,False,10
f3,train,impressed,3,10,"ac379999, ac415100, ac419100",0.01017185197,0.0005433856927,10,10,0.1157403551,102.87,0,0.0001718336437,False,3
