log,strategy,length,rank,itemset,support,selected_by_both
f2,apriori,1,1,ac419100,0.9371681416,True
f2,apriori,1,2,ac370000,0.7017699115,True
f2,apriori,1,3,ac379999,0.6902654867,True
f2,apriori,1,4,370407,0.6017699115,False
f2,apriori,1,5,ac370419,0.585840708,False
f2,apriori,1,6,ac410100,0.582300885,False
f2,apriori,1,7,ac370443,0.5769911504,False
f2,apriori,1,8,ac370442,0.5734513274,False
f2,apriori,1,9,370712b,0.5513274336,False
f2,apriori,1,10,ac411100,0.5495575221,False
f2,apriori,2,1,"ac370000, ac379999",0.6902654867,False
f2,apriori,2,2,"ac370000, ac419100",0.6469026549,False
f2,apriori,2,3,"ac379999, ac419100",0.6407079646,True
f2,apriori,2,4,"370407, ac370000",0.6017699115,False
f2,apriori,2,5,"370407, ac379999",0.592920354,False
f2,apriori,2,6,"ac370000, ac370419",0.585840708,False
f2,apriori,2,7,"ac370000, ac370443",0.5769911504,False
f2,apriori,2,8,"ac370419, ac379999",0.5761061947,False
f2,apriori,2,9,"ac370000, ac370442",0.5734513274,False
f2,apriori,2,10,"ac370419, ac370443",0.5734513274,False
f2,apriori,3,1,"ac370000, ac379999, ac419100",0.6407079646,False
f2,apriori,3,2,"370407, ac370000, ac379999",0.592920354,False
f2,apriori,3,3,"ac370000, ac370419, ac379999",0.5761061947,False
f2,apriori,3,4,"ac370000, ac370419, ac370443",0.5734513274,False
f2,apriori,3,5,"ac370000, ac370442, ac370443",0.5707964602,False
f2,apriori,3,6,"370407, ac370000, ac370419",0.5699115044,False
f2,apriori,3,7,"ac370000, ac370419, ac370442",0.5690265487,False
f2,apriori,3,8,"ac370000, ac370443, ac379999",0.5672566372,False
f2,apriori,3,9,"ac370419, ac370442, ac370443",0.5672566372,False
f2,apriori,3,10,"370407, ac370000, ac370443",0.5646017699,False
f2,impressed,1,1,376400,0.3,False
f2,impressed,1,2,378619a,0.3654867257,False
f2,impressed,1,3,ac370000,0.7017699115,True
f2,impressed,1,4,ac419100,0.9371681416,True
f2,impressed,1,5,ac10307,0.1283185841,False
f2,impressed,1,6,ac415100,0.3044247788,False
f2,impressed,1,7,ac337441,0.002654867257,False
f2,impressed,1,8,ac379999,0.6902654867,True
f2,impressed,1,9,ac378431,0.01238938053,False
f2,impressed,1,10,378490e,0.003539823009,False
f2,impressed,2,1,"376400, 377498a",0.2601769912,False
f2,impressed,2,2,"376400, 378619a",0.292920354,False
f2,impressed,2,3,"370712b, 376400",0.2734513274,False
f2,impressed,2,4,"370715a, 376400",0.2716814159,False
f2,impressed,2,5,"378619a, ac379999",0.3646017699,False
f2,impressed,2,6,"378619a, ac419100",0.3407079646,False
f2,impressed,2,7,"370401c, ac370000",0.5345132743,False
f2,impressed,2,8,"ac370000, ac370403",0.5477876106,False
f2,impressed,2,9,"376400, ac379999",0.2955752212,False
f2,impressed,2,10,"ac379999, ac419100",0.6407079646,True
f2,impressed,3,1,"376400, 377498a, 378619a",0.2548672566,False
f2,impressed,3,2,"376400, 377498a, ac372417",0.2584070796,False
f2,impressed,3,3,"376400, 377498a, ac379999",0.2566371681,False
f2,impressed,3,4,"376400, 378619a, ac379999",0.2920353982,False
f2,impressed,3,5,"376400, 377498a, ac370606",0.2292035398,False
f2,impressed,3,6,"378619a, ac379999, ac419100",0.3407079646,False
f2,impressed,3,7,"378619a, 387042a, ac379999",0.1309734513,False
f2,impressed,3,8,"376400, 378619a, ac411100",0.07787610619,False
f2,impressed,3,9,"387042a, ac410100, ac419100",0.1362831858,False
f2,impressed,3,10,"378619a, ac370000, ac379999",0.3646017699,False
