log,score_on,activity,n_sets_apriori,mean_apriori,max_apriori,n_sets_impressed,mean_impressed,max_impressed
f1,test,ac370000,11,0.004467234238,0.00836460344,4,0.00214935689,0.003285912404
f1,test,370407,11,0.002992394954,0.00836460344,1,-0.000498229957,-0.000498229957
f1,test,ac370419,11,0.002076079624,0.005648215124,1,0.0003135718178,0.0003135718178
f1,test,ac419100,1,0.0003402258288,0.0003402258288,10,0.0005647709764,0.002657082742
f1,test,370715a,1,4.808140441e-05,4.808140441e-05,1,-0.0005888323644,-0.0005888323644
f1,test,ac370403,1,-0.0001865246602,-0.0001865246602,1,0.003285912404,0.003285912404
f1,test,370712b,1,-0.0003734013085,-0.0003734013085,1,-0.0008886126793,-0.0008886126793
f1,train,ac370000,11,0.04110487242,0.06817670472,4,0.03333862742,0.06817670472
f1,train,ac419100,1,0.04108531492,0.04108531492,10,0.01470371757,0.04108531492
f1,train,370407,11,0.03243962727,0.04162881431,1,0.02086927964,0.02086927964
f1,train,ac370419,11,0.03064870114,0.04162881431,1,0.0002638145021,0.0002638145021
f1,train,ac370403,1,0.01414388653,0.01414388653,1,0.03146928997,0.03146928997
f1,train,370712b,1,0.0116384158,0.0116384158,1,0.001505568334,0.001505568334
f1,train,370715a,1,0.01022385472,0.01022385472,1,0.001472325918,0.001472325918
f2,test,ac370000,16,0.04010136236,0.06084602599,4,0.03434742639,0.04004647262
f2,test,ac379999,9,0.02102927271,0.03980749761,9,0.05169581829,0.1308889237
f2,test,370712b,1,0.01362077843,0.01362077843,1,0.1206467246,0.1206467246
f2,test,ac419100,4,0.01236372392,0.01803744594,5,0.01465324595,0.02731214778
f2,test,ac411100,1,0.001562658555,0.001562658555,1,0.01685105674,0.01685105674
f2,test,ac410100,1,0.001431507372,0.001431507372,1,0.003204190234,0.003204190234
f2,train,ac370000,16,0.1019124296,0.1217707054,4,0.09420803538,0.1154760713
f2,train,ac379999,9,0.07878677853,0.1004868551,9,0.09285830398,0.1681578041
f2,train,ac419100,4,0.07058818647,0.08730376018,5,0.05457011894,0.07594087596
f2,train,ac410100,1,0.03703779514,0.03703779514,1,0.01558380662,0.01558380662
f2,train,370712b,1,0.0341569647,0.0341569647,1,0.1394343781,0.1394343781
f2,train,ac411100,1,0.02974048644,0.02974048644,1,0.03735859695,0.03735859695
f3,test,ac370000,12,0.02375466315,0.1507338196,7,0.02913087282,0.1507338196
f3,test,370407,10,0.006451290325,0.01390545541,1,-0.0006821102422,-0.0006821102422
f3,test,370488e,1,0.0003548916025,0.0003548916025,1,0.0003548916025,0.0003548916025
f3,test,370488g,1,0.0003031763872,0.0003031763872,1,0.0003031763872,0.0003031763872
f3,test,ac419100,1,-0.0008744668929,-0.0008744668929,10,0.00011113412,0.001405848081
f3,train,ac370000,12,0.04744329926,0.1981919344,7,0.04771750388,0.1981919344
f3,train,ac419100,1,0.02511508339,0.02511508339,10,0.01029750223,0.02511508339
f3,train,370407,10,0.0248575427,0.03879345215,1,0.007081906346,0.007081906346
f3,train,370488e,1,0.008937560343,0.008937560343,1,0.008937560343,0.008937560343
f3,train,370488g,1,0.007377670267,0.007377670267,1,0.007377670267,0.007377670267
