log,score_on,length,itemset,rank_apriori,rank_impressed,importance_rank_apriori,importance_rank_impressed,importance,se
f1,test,1,ac370000,1,3,1,1,0.003160327303,0.001394375904
f1,test,1,ac419100,2,2,2,6,0.0003402258288,0.001190130003
f1,test,1,370407,3,9,6,10,-0.000498229957,0.001188632772
f1,train,1,ac370000,1,3,1,1,0.06817670472,0.001054673091
f1,train,1,ac419100,2,2,2,2,0.04108531492,0.0002893123991
f1,train,1,370407,3,9,3,4,0.02086927964,0.0002284281296
f2,test,1,ac419100,1,4,8,5,0.004246209214,0.001825712053
f2,test,1,ac370000,2,3,1,2,0.03761131087,0.001714138695
f2,test,1,ac379999,3,8,6,4,0.009293952732,0.001138123072
f2,test,2,"ac379999, ac419100",3,10,8,10,0.01152685963,0.00124955121
f2,train,1,ac419100,1,4,3,5,0.04900246228,0.0004356533813
f2,train,1,ac370000,2,3,1,2,0.1154760713,0.0008846561972
f2,train,1,ac379999,3,8,2,3,0.05986765165,0.0006629128549
f2,train,2,"ac379999, ac419100",3,10,8,10,0.0658073672,0.0005509736378
f3,test,1,ac419100,1,1,10,8,-0.0008744668929,0.001082566371
f3,test,1,ac370000,2,2,1,1,0.1507338196,0.001512134572
f3,test,1,370488e,9,10,5,4,0.0003548916025,0.0004262094973
f3,test,1,370488g,10,9,6,5,0.0003031763872,0.0004085548633
f3,train,1,ac419100,1,1,2,2,0.02511508339,0.0002642945847
f3,train,1,ac370000,2,2,1,1,0.1981919344,0.001809684053
f3,train,1,370488e,9,10,5,4,0.008937560343,0.0001747134541
f3,train,1,370488g,10,9,9,6,0.007377670267,0.000191120936
