log,score_on,length,n_seeds,apriori_mean,apriori_sd,apriori_share_positive,apriori_share_changed,apriori_per_changed,impressed_mean,impressed_sd,impressed_share_positive,impressed_share_changed,impressed_per_changed,diff_mean,diff_sd,diff_ci_low,diff_ci_high,seeds_impressed_higher
f1,test,1,10,-0.0001270812792,0.002377658907,0.416,0.5480460177,-0.0002318806727,0.0007867568891,0.001395161516,0.3731501057,0.2840477876,0.002769804672,0.0009138381683,0.002075905001,-0.0005711748103,0.002398851147,8
f1,train,1,10,0.02203382945,0.0005080853168,1,0.5479314159,0.04021275073,0.01964494023,0.0004748928084,0.8118236473,0.2839404867,0.0691868231,-0.002388889221,0.0002763756826,-0.002586596474,-0.002191181967,0
f1,test,2,10,0.0008783357484,0.003276481251,0.471,0.5598823009,0.001568786416,0.001284595689,0.001242147316,0.4058,0.2561867257,0.0050142945,0.0004062599409,0.003281409672,-0.001941119129,0.002753639011,7
f1,train,2,10,0.02849516116,0.0005602118584,1,0.5597756637,0.05090460877,0.01601422298,0.0003821730322,0.9374,0.2561245575,0.06252513672,-0.01248093818,0.0004614137948,-0.01281101373,-0.01215086264,0
f1,test,3,10,0.005142243103,0.00385054242,0.608,0.5513787611,0.009326153755,0.0002673679882,0.00063878345,0.2633540373,0.0690159292,0.003874004035,-0.004874875115,0.003721075019,-0.007536771827,-0.002212978402,0
f1,train,3,10,0.03696641558,0.0006853211608,1,0.5514030973,0.06704063824,0.005292537837,0.0001131078879,0.858,0.06908274336,0.0766115759,-0.03167387774,0.0007083877259,-0.03218062779,-0.03116712769,0
f2,test,1,10,0.01077429327,0.003650276579,0.7122,0.6069123894,0.01775263359,0.02000572823,0.002610702717,0.5980044346,0.3260097345,0.0613654321,0.009231434954,0.001612831144,0.008077685056,0.01038518485,10
f2,train,1,10,0.04733021809,0.0008377899593,1,0.6067176991,0.07801028083,0.0437304512,0.0005784424396,0.7923847695,0.3259418142,0.1341664349,-0.003599766892,0.0005630896058,-0.00400257693,-0.003196956853,0
f2,test,2,10,0.02485204254,0.004443142937,0.8694,0.6045646018,0.04110733984,0.074174854,0.004572947488,0.9524,0.3810911504,0.1946380909,0.04932281146,0.002007132632,0.04788699527,0.05075862765,10
f2,train,2,10,0.07910103381,0.001097524617,1,0.6045736726,0.1308377083,0.1096137881,0.0008247431366,1,0.3811090708,0.2876178934,0.03051275428,0.0008187705638,0.0299270411,0.03109846745,10
f2,test,3,10,0.04785098019,0.005187783982,0.9758,0.5791097345,0.08262851984,0.06744793378,0.002684412084,0.9192,0.2339831858,0.2882597463,0.0195969536,0.003622358818,0.0170056742,0.02218823299,10
f2,train,3,10,0.108906334,0.001613039056,1,0.5791103982,0.1880579839,0.09431158483,0.0008220866359,1,0.2339696903,0.403093173,-0.01459474913,0.001482529592,-0.01565528691,-0.01353421135,0
f3,test,1,10,0.0153498498,0.001226499771,0.451,0.4966523613,0.03090662805,0.01499552588,0.0006052570492,0.3543237251,0.2867382095,0.05229692236,-0.0003543239241,0.0006831613691,-0.0008430281274,0.0001343802792,5
f3,train,1,10,0.03000643857,0.0009117942198,0.9996,0.4966837749,0.0604135671,0.02660038964,0.0006687136514,0.7991983968,0.2865595702,0.09282673624,-0.003406048927,0.0003092699244,-0.003627287303,-0.003184810551,0
f3,test,2,10,0.005940896553,0.002068029372,0.6398,0.4980768998,0.01192766931,0.005628655932,0.001963712847,0.4728,0.2418498889,0.02327334512,-0.0003122406205,0.001440389279,-0.001342633038,0.0007181517972,5
f3,train,2,10,0.0235589935,0.0006849497147,1,0.4981036517,0.04729737157,0.01812321461,0.001282730762,0.9902,0.2417722286,0.07495986911,-0.005435778885,0.001104896226,-0.00622617403,-0.004645383739,0
f3,test,3,10,0.008359828553,0.002297452256,0.705,0.4912572819,0.01701721045,-0.0001525379104,0.000774417327,0.2358452138,0.06435511251,-0.002370253186,-0.008512366463,0.002154412879,-0.01005354059,-0.006971192332,0
f3,train,3,10,0.02745166379,0.001078376557,1,0.4912737887,0.05587854353,0.005778865853,0.0001670421874,0.896,0.06437716257,0.08976577443,-0.02167279794,0.001203826191,-0.02253396332,-0.02081163256,0
f1,test,all,10,0.001964499191,0.003069051287,0.4983333333,0.5531023599,0.003551782334,0.0007795735222,0.001009353548,0.3479395604,0.2030834808,0.003838685052,-0.001184925668,0.002934264657,-0.003283972155,0.0009141208182,4
f1,train,all,10,0.02916513539,0.0005218297223,1,0.5530367257,0.0527363447,0.01365056701,0.0002950292614,0.8691127418,0.2030492625,0.06722785812,-0.01551456838,0.0003949029965,-0.01579706497,-0.0152320718,0
f2,test,all,10,0.027825772,0.004131238652,0.8524666667,0.5968622419,0.04662009095,0.053876172,0.003158536279,0.8308063405,0.3136946903,0.1717471595,0.0260504,0.001948209802,0.02465673467,0.02744406534,10
f2,train,all,10,0.07844586195,0.00109016264,1,0.59680059,0.1314440087,0.08255194137,0.0006362877866,0.9308872582,0.3136735251,0.2631779056,0.004106079419,0.0007251417785,0.00358734424,0.004624814598,10
f3,test,all,10,0.00988352497,0.001741095244,0.5986,0.4953288477,0.01995346125,0.0068238813,0.0008677028938,0.3550624133,0.197647737,0.03452547145,-0.003059643669,0.001127315453,-0.003866076564,-0.002253210775,0
f3,train,all,10,0.02700569862,0.0006270713359,0.9998666667,0.4953537385,0.05451800707,0.0168341567,0.0004083253981,0.8951967979,0.1975696538,0.08520618616,-0.01017154192,0.0005103056716,-0.0105365926,-0.00980649123,0
