log,score_on,strategy,scope,position,activity,n_sets,mean,max
f1,test,apriori,all,1,ac370000,11,0.004467234238,0.00836460344
f1,test,apriori,all,2,ac370442,11,0.003246692678,0.00836460344
f1,test,apriori,all,3,370407,11,0.002992394954,0.00836460344
f1,test,apriori,all,4,ac370443,11,0.002830639965,0.007704930961
f1,test,apriori,all,5,ac370419,11,0.002076079624,0.005648215124
f1,train,apriori,all,1,ac370000,11,0.04110487242,0.06817670472
f1,train,apriori,all,2,ac419100,1,0.04108531492,0.04108531492
f1,train,apriori,all,3,370407,11,0.03243962727,0.04162881431
f1,train,apriori,all,4,ac370419,11,0.03064870114,0.04162881431
f1,train,apriori,all,5,ac370442,11,0.03043382358,0.04155069387
f1,test,impressed,all,1,ac370403,1,0.003285912404,0.003285912404
f1,test,impressed,all,2,370401c,1,0.002619801399,0.002619801399
f1,test,impressed,all,3,ac370000,4,0.00214935689,0.003285912404
f1,test,impressed,all,4,ac415100,7,0.001797058734,0.004225278391
f1,test,impressed,all,5,ac10307,4,0.000859285237,0.002855028656
f1,train,impressed,all,1,ac370000,4,0.03333862742,0.06817670472
f1,train,impressed,all,2,ac370403,1,0.03146928997,0.03146928997
f1,train,impressed,all,3,370401c,1,0.02822264406,0.02822264406
f1,train,impressed,all,4,370407,1,0.02086927964,0.02086927964
f1,train,impressed,all,5,ac419100,10,0.01470371757,0.04108531492
f2,test,apriori,all,1,ac370442,5,0.04377826626,0.05854439503
f2,test,apriori,all,2,ac370443,8,0.04291790852,0.05919753154
f2,test,apriori,all,3,ac370419,9,0.04083821677,0.06084602599
f2,test,apriori,all,4,ac370000,16,0.04010136236,0.06084602599
f2,test,apriori,all,5,370407,6,0.03559659109,0.06084602599
f2,train,apriori,all,1,ac370000,16,0.1019124296,0.1217707054
f2,train,apriori,all,2,ac370443,8,0.09553077156,0.1207877954
f2,train,apriori,all,3,ac370442,5,0.09405369987,0.1206992827
f2,train,apriori,all,4,ac370419,9,0.09318277158,0.1217707054
f2,train,apriori,all,5,370407,6,0.08773089777,0.1217707054
f2,test,impressed,all,1,370715a,1,0.1209691924,0.1209691924
f2,test,impressed,all,2,370712b,1,0.1206467246,0.1206467246
f2,test,impressed,all,3,377498a,5,0.1151445823,0.1261798651
f2,test,impressed,all,4,ac372417,1,0.1110751973,0.1110751973
f2,test,impressed,all,5,376400,12,0.1107469522,0.1339874706
f2,train,impressed,all,1,370712b,1,0.1394343781,0.1394343781
f2,train,impressed,all,2,370715a,1,0.138062211,0.138062211
f2,train,impressed,all,3,377498a,5,0.1325754469,0.1442676279
f2,train,impressed,all,4,376400,12,0.1325590145,0.1681578041
f2,train,impressed,all,5,ac372417,1,0.1312112286,0.1312112286
f3,test,apriori,all,1,ac370000,12,0.02375466315,0.1507338196
f3,test,apriori,all,2,370407,10,0.006451290325,0.01390545541
f3,test,apriori,all,3,370712b,2,0.005462838333,0.009854116641
f3,test,apriori,all,4,ac370419,11,0.005434982741,0.01390545541
f3,test,apriori,all,5,ac370442,10,0.005129993724,0.01347223557
f3,train,apriori,all,1,ac370000,12,0.04744329926,0.1981919344
f3,train,apriori,all,2,ac419100,1,0.02511508339,0.02511508339
f3,train,apriori,all,3,370407,10,0.0248575427,0.03879345215
f3,train,apriori,all,4,ac370419,11,0.02299172523,0.03879345215
f3,train,apriori,all,5,ac370442,10,0.02117408995,0.03403866186
f3,test,impressed,all,1,ac370000,7,0.02913087282,0.1507338196
f3,test,impressed,all,2,ac370403,1,0.01940920101,0.01940920101
f3,test,impressed,all,3,370401c,1,0.01920009807,0.01920009807
f3,test,impressed,all,4,ac370402,2,0.009797261528,0.01844210327
f3,test,impressed,all,5,ac379999,1,0.0008092375721,0.0008092375721
f3,train,impressed,all,1,ac370000,7,0.04771750388,0.1981919344
f3,train,impressed,all,2,370401c,1,0.03928581074,0.03928581074
f3,train,impressed,all,3,ac370403,1,0.03885973231,0.03885973231
f3,train,impressed,all,4,ac370402,2,0.0232570118,0.03624105021
f3,train,impressed,all,5,ac419100,10,0.01029750223,0.02511508339
